date,state_name,predicted_rainfall
2024-04-01,Uttarakhand,41.871567
2024-05-01,Uttarakhand,70.33821
2024-06-01,Uttarakhand,164.2638
2024-07-01,Uttarakhand,411.7666
2024-08-01,Uttarakhand,546.6464
2024-09-01,Uttarakhand,280.23615
2024-10-01,Uttarakhand,59.621227
2024-11-01,Uttarakhand,15.972686
2024-12-01,Uttarakhand,20.58934
2025-01-01,Uttarakhand,42.979763
2025-02-01,Uttarakhand,52.436275
2025-03-01,Uttarakhand,53.197624
2025-04-01,Uttarakhand,43.825344
2025-05-01,Uttarakhand,56.551903
2025-06-01,Uttarakhand,132.8607
2025-07-01,Uttarakhand,344.6316
2025-08-01,Uttarakhand,533.00604
2025-09-01,Uttarakhand,326.1484
2025-10-01,Uttarakhand,72.26039
2025-11-01,Uttarakhand,17.749878
2025-12-01,Uttarakhand,21.486256
2026-01-01,Uttarakhand,41.30468
2026-02-01,Uttarakhand,53.838306
2026-03-01,Uttarakhand,55.091114
2026-04-01,Uttarakhand,46.17086
2026-05-01,Uttarakhand,49.961266
2026-06-01,Uttarakhand,106.98823
2026-07-01,Uttarakhand,284.74045
2026-08-01,Uttarakhand,508.79636
2026-09-01,Uttarakhand,349.46753
2026-10-01,Uttarakhand,89.98798
2026-11-01,Uttarakhand,22.431581
2026-12-01,Uttarakhand,22.407001
2027-01-01,Uttarakhand,37.98932
2027-02-01,Uttarakhand,52.53822
2027-03-01,Uttarakhand,58.251537
2027-04-01,Uttarakhand,49.276268
2027-05-01,Uttarakhand,46.717323
2027-06-01,Uttarakhand,93.00451
2027-07-01,Uttarakhand,244.27919
2027-08-01,Uttarakhand,488.0103
2027-09-01,Uttarakhand,376.1304
2027-10-01,Uttarakhand,114.0212
2027-11-01,Uttarakhand,27.444704
2027-12-01,Uttarakhand,21.192102
2028-01-01,Uttarakhand,34.925285
2028-02-01,Uttarakhand,51.06384
2028-03-01,Uttarakhand,59.59808
2028-04-01,Uttarakhand,49.848
2028-05-01,Uttarakhand,44.01563
2028-06-01,Uttarakhand,86.79631
2028-07-01,Uttarakhand,223.46564
2028-08-01,Uttarakhand,476.30438
2028-09-01,Uttarakhand,423.0347
2028-10-01,Uttarakhand,145.61104
2028-11-01,Uttarakhand,31.82806
2028-12-01,Uttarakhand,16.724611
2029-01-01,Uttarakhand,31.314253
2029-02-01,Uttarakhand,49.31492
2029-03-01,Uttarakhand,59.489452
2029-04-01,Uttarakhand,50.67521
2029-05-01,Uttarakhand,42.65045
2029-06-01,Uttarakhand,78.671936
2029-07-01,Uttarakhand,205.4999
2029-08-01,Uttarakhand,461.81967
2029-09-01,Uttarakhand,490.56384
2029-10-01,Uttarakhand,182.25406
2029-11-01,Uttarakhand,32.942444
2029-12-01,Uttarakhand,14.387042
2030-01-01,Uttarakhand,27.094213
2030-02-01,Uttarakhand,47.525593
2030-03-01,Uttarakhand,56.157673
2030-04-01,Uttarakhand,50.11405
2030-05-01,Uttarakhand,41.870205
2030-06-01,Uttarakhand,70.89096
2030-07-01,Uttarakhand,181.31923
2030-08-01,Uttarakhand,438.09003
2030-09-01,Uttarakhand,533.3338
2030-10-01,Uttarakhand,226.59831
2030-11-01,Uttarakhand,37.239
2030-12-01,Uttarakhand,13.531684
2024-04-01,Assam,147.97969
2024-05-01,Assam,255.04935
2024-06-01,Assam,331.9729
2024-07-01,Assam,291.56067
2024-08-01,Assam,241.61218
2024-09-01,Assam,167.5579
2024-10-01,Assam,72.2935
2024-11-01,Assam,24.64923
2024-12-01,Assam,22.187635
2025-01-01,Assam,26.742857
2025-02-01,Assam,48.98479
2025-03-01,Assam,91.18917
2025-04-01,Assam,238.7779
2025-05-01,Assam,294.1468
2025-06-01,Assam,323.35187
2025-07-01,Assam,264.37057
2025-08-01,Assam,202.38396
2025-09-01,Assam,114.27688
2025-10-01,Assam,31.99776
2025-11-01,Assam,25.301182
2025-12-01,Assam,23.63831
2026-01-01,Assam,39.639385
2026-02-01,Assam,71.12522
2026-03-01,Assam,194.17659
2026-04-01,Assam,283.4353
2026-05-01,Assam,328.66052
2026-06-01,Assam,285.33554
2026-07-01,Assam,225.45352
2026-08-01,Assam,155.77689
2026-09-01,Assam,51.533012
2026-10-01,Assam,26.453825
2026-11-01,Assam,22.070362
2026-12-01,Assam,31.709515
2027-01-01,Assam,58.422424
2027-02-01,Assam,128.58594
2027-03-01,Assam,263.87314
2027-04-01,Assam,306.47006
2027-05-01,Assam,306.4109
2027-06-01,Assam,248.08147
2027-07-01,Assam,186.57632
2027-08-01,Assam,88.616615
2027-09-01,Assam,26.510035
2027-10-01,Assam,24.748098
2027-11-01,Assam,26.008362
2027-12-01,Assam,45.452007
2028-01-01,Assam,83.18122
2028-02-01,Assam,223.56651
2028-03-01,Assam,290.04132
2028-04-01,Assam,328.91962
2028-05-01,Assam,271.76428
2028-06-01,Assam,210.42537
2028-07-01,Assam,131.0792
2028-08-01,Assam,37.3287
2028-09-01,Assam,25.785635
2028-10-01,Assam,23.03198
2028-11-01,Assam,36.631153
2028-12-01,Assam,66.800896
2029-01-01,Assam,174.91913
2029-02-01,Assam,279.48196
2029-03-01,Assam,323.00156
2029-04-01,Assam,291.401
2029-05-01,Assam,234.04643
2029-06-01,Assam,167.66124
2029-07-01,Assam,62.125767
2029-08-01,Assam,26.646824
2029-09-01,Assam,22.463373
2029-10-01,Assam,29.04685
2029-11-01,Assam,53.628746
2029-12-01,Assam,106.94827
2030-01-01,Assam,252.30864
2030-02-01,Assam,299.2438
2030-03-01,Assam,316.7949
2030-04-01,Assam,257.5238
2030-05-01,Assam,196.1553
2030-06-01,Assam,103.1428
2030-07-01,Assam,28.571543
2030-08-01,Assam,25.299349
2030-09-01,Assam,24.454397
2030-10-01,Assam,42.0763
2030-11-01,Assam,75.19263
2030-12-01,Assam,206.41426
2024-04-01,Tripura,171.39447
2024-05-01,Tripura,274.10046
2024-06-01,Tripura,377.33267
2024-07-01,Tripura,354.60074
2024-08-01,Tripura,295.7499
2024-09-01,Tripura,291.44327
2024-10-01,Tripura,214.93904
2024-11-01,Tripura,81.419754
2024-12-01,Tripura,-4.5437884
2025-01-01,Tripura,-11.002103
2025-02-01,Tripura,31.454294
2025-03-01,Tripura,64.241394
2025-04-01,Tripura,160.64114
2025-05-01,Tripura,352.71902
2025-06-01,Tripura,358.0155
2025-07-01,Tripura,344.02103
2025-08-01,Tripura,308.71173
2025-09-01,Tripura,282.8257
2025-10-01,Tripura,130.722
2025-11-01,Tripura,32.936687
2025-12-01,Tripura,-11.60339
2026-01-01,Tripura,4.9988546
2026-02-01,Tripura,25.493572
2026-03-01,Tripura,106.61366
2026-04-01,Tripura,366.56442
2026-05-01,Tripura,350.60138
2026-06-01,Tripura,371.99072
2026-07-01,Tripura,307.1972
2026-08-01,Tripura,304.20782
2026-09-01,Tripura,207.48161
2026-10-01,Tripura,97.90493
2026-11-01,Tripura,-12.278345
2026-12-01,Tripura,-13.868699
2027-01-01,Tripura,19.488888
2027-02-01,Tripura,104.983665
2027-03-01,Tripura,247.07697
2027-04-01,Tripura,266.363
2027-05-01,Tripura,416.1445
2027-06-01,Tripura,332.76492
2027-07-01,Tripura,318.85895
2027-08-01,Tripura,277.85123
2027-09-01,Tripura,181.25856
2027-10-01,Tripura,25.012753
2027-11-01,Tripura,-7.5607533
2027-12-01,Tripura,16.344608
2028-01-01,Tripura,82.27895
2028-02-01,Tripura,130.27182
2028-03-01,Tripura,161.4248
2028-04-01,Tripura,453.87497
2028-05-01,Tripura,331.96216
2028-06-01,Tripura,327.06464
2028-07-01,Tripura,300.01968
2028-08-01,Tripura,241.64096
2028-09-01,Tripura,62.741505
2028-10-01,Tripura,6.5151715
2028-11-01,Tripura,-2.1057537
2028-12-01,Tripura,42.784397
2029-01-01,Tripura,51.269573
2029-02-01,Tripura,119.901886
2029-03-01,Tripura,435.80988
2029-04-01,Tripura,332.85553
2029-05-01,Tripura,327.54562
2029-06-01,Tripura,310.13315
2029-07-01,Tripura,273.06244
2029-08-01,Tripura,92.25173
2029-09-01,Tripura,25.625898
2029-10-01,Tripura,-16.959667
2029-11-01,Tripura,7.1224055
2029-12-01,Tripura,10.652887
2030-01-01,Tripura,103.807014
2030-02-01,Tripura,414.1411
2030-03-01,Tripura,337.27335
2030-04-01,Tripura,361.3397
2030-05-01,Tripura,309.9158
2030-06-01,Tripura,297.5741
2030-07-01,Tripura,134.73688
2030-08-01,Tripura,62.783928
2030-09-01,Tripura,-22.50272
2030-10-01,Tripura,-14.748777
2030-11-01,Tripura,-3.9507973
2030-12-01,Tripura,97.482925
2024-04-01,Telangana,24.977352
2024-05-01,Telangana,54.010704
2024-06-01,Telangana,160.74785
2024-07-01,Telangana,233.22516
2024-08-01,Telangana,193.58438
2024-09-01,Telangana,125.70288
2024-10-01,Telangana,65.4502
2024-11-01,Telangana,26.884642
2024-12-01,Telangana,17.824436
2025-01-01,Telangana,22.860704
2025-02-01,Telangana,22.520132
2025-03-01,Telangana,25.571842
2025-04-01,Telangana,28.757788
2025-05-01,Telangana,62.2305
2025-06-01,Telangana,163.65944
2025-07-01,Telangana,226.61053
2025-08-01,Telangana,173.55042
2025-09-01,Telangana,111.0627
2025-10-01,Telangana,62.64682
2025-11-01,Telangana,24.55853
2025-12-01,Telangana,19.384577
2026-01-01,Telangana,22.8574
2026-02-01,Telangana,24.156897
2026-03-01,Telangana,27.030184
2026-04-01,Telangana,32.647224
2026-05-01,Telangana,84.68716
2026-06-01,Telangana,194.74713
2026-07-01,Telangana,220.62454
2026-08-01,Telangana,156.01042
2026-09-01,Telangana,92.83102
2026-10-01,Telangana,48.642174
2026-11-01,Telangana,20.171267
2026-12-01,Telangana,22.8506
2027-01-01,Telangana,22.22199
2027-02-01,Telangana,24.585114
2027-03-01,Telangana,27.372272
2027-04-01,Telangana,40.482323
2027-05-01,Telangana,117.972275
2027-06-01,Telangana,219.67068
2027-07-01,Telangana,204.05176
2027-08-01,Telangana,137.39632
2027-09-01,Telangana,79.47967
2027-10-01,Telangana,37.933037
2027-11-01,Telangana,18.328697
2027-12-01,Telangana,24.368591
2028-01-01,Telangana,22.126923
2028-02-01,Telangana,24.532194
2028-03-01,Telangana,27.243595
2028-04-01,Telangana,44.95383
2028-05-01,Telangana,130.26079
2028-06-01,Telangana,222.67557
2028-07-01,Telangana,192.54596
2028-08-01,Telangana,129.2802
2028-09-01,Telangana,75.62591
2028-10-01,Telangana,34.54272
2028-11-01,Telangana,18.643223
2028-12-01,Telangana,24.744652
2029-01-01,Telangana,22.760324
2029-02-01,Telangana,25.013052
2029-03-01,Telangana,27.761007
2029-04-01,Telangana,49.725048
2029-05-01,Telangana,140.3289
2029-06-01,Telangana,223.4471
2029-07-01,Telangana,186.96622
2029-08-01,Telangana,123.44845
2029-09-01,Telangana,72.39589
2029-10-01,Telangana,31.5132
2029-11-01,Telangana,18.832525
2029-12-01,Telangana,24.226604
2030-01-01,Telangana,23.256947
2030-02-01,Telangana,25.47639
2030-03-01,Telangana,28.340067
2030-04-01,Telangana,55.725082
2030-05-01,Telangana,151.70222
2030-06-01,Telangana,224.617
2030-07-01,Telangana,179.87971
2030-08-01,Telangana,116.208466
2030-09-01,Telangana,67.41247
2030-10-01,Telangana,27.941742
2030-11-01,Telangana,19.093481
2030-12-01,Telangana,23.550068
2024-04-01,Himachal Pradesh,72.863884
2024-05-01,Himachal Pradesh,63.842358
2024-06-01,Himachal Pradesh,121.21378
2024-07-01,Himachal Pradesh,262.4196
2024-08-01,Himachal Pradesh,307.33597
2024-09-01,Himachal Pradesh,117.78248
2024-10-01,Himachal Pradesh,15.628616
2024-11-01,Himachal Pradesh,5.1051292
2024-12-01,Himachal Pradesh,5.9670053
2025-01-01,Himachal Pradesh,78.28779
2025-02-01,Himachal Pradesh,76.798935
2025-03-01,Himachal Pradesh,69.4199
2025-04-01,Himachal Pradesh,69.2029
2025-05-01,Himachal Pradesh,57.847008
2025-06-01,Himachal Pradesh,125.24758
2025-07-01,Himachal Pradesh,266.18246
2025-08-01,Himachal Pradesh,318.97842
2025-09-01,Himachal Pradesh,137.10057
2025-10-01,Himachal Pradesh,13.759847
2025-11-01,Himachal Pradesh,2.6484506
2025-12-01,Himachal Pradesh,5.6661434
2026-01-01,Himachal Pradesh,71.37546
2026-02-01,Himachal Pradesh,87.09608
2026-03-01,Himachal Pradesh,63.145485
2026-04-01,Himachal Pradesh,67.02345
2026-05-01,Himachal Pradesh,56.68794
2026-06-01,Himachal Pradesh,126.14833
2026-07-01,Himachal Pradesh,267.05093
2026-08-01,Himachal Pradesh,317.2585
2026-09-01,Himachal Pradesh,164.68086
2026-10-01,Himachal Pradesh,14.230825
2026-11-01,Himachal Pradesh,3.716548
2026-12-01,Himachal Pradesh,11.2174
2027-01-01,Himachal Pradesh,65.21895
2027-02-01,Himachal Pradesh,91.89243
2027-03-01,Himachal Pradesh,59.78486
2027-04-01,Himachal Pradesh,63.619164
2027-05-01,Himachal Pradesh,55.91591
2027-06-01,Himachal Pradesh,124.983185
2027-07-01,Himachal Pradesh,265.4579
2027-08-01,Himachal Pradesh,317.71176
2027-09-01,Himachal Pradesh,179.07993
2027-10-01,Himachal Pradesh,15.317412
2027-11-01,Himachal Pradesh,4.29122
2027-12-01,Himachal Pradesh,14.440126
2028-01-01,Himachal Pradesh,61.47464
2028-02-01,Himachal Pradesh,93.90613
2028-03-01,Himachal Pradesh,57.831837
2028-04-01,Himachal Pradesh,61.239185
2028-05-01,Himachal Pradesh,56.33136
2028-06-01,Himachal Pradesh,124.28516
2028-07-01,Himachal Pradesh,263.8059
2028-08-01,Himachal Pradesh,318.02982
2028-09-01,Himachal Pradesh,185.63187
2028-10-01,Himachal Pradesh,16.80905
2028-11-01,Himachal Pradesh,4.9312406
2028-12-01,Himachal Pradesh,16.528267
2029-01-01,Himachal Pradesh,59.609524
2029-02-01,Himachal Pradesh,94.529305
2029-03-01,Himachal Pradesh,57.1685
2029-04-01,Himachal Pradesh,60.258503
2029-05-01,Himachal Pradesh,56.65239
2029-06-01,Himachal Pradesh,123.81826
2029-07-01,Himachal Pradesh,262.5947
2029-08-01,Himachal Pradesh,318.0257
2029-09-01,Himachal Pradesh,189.05861
2029-10-01,Himachal Pradesh,17.758259
2029-11-01,Himachal Pradesh,5.3234706
2029-12-01,Himachal Pradesh,17.520153
2030-01-01,Himachal Pradesh,58.60564
2030-02-01,Himachal Pradesh,94.78027
2030-03-01,Himachal Pradesh,56.944504
2030-04-01,Himachal Pradesh,59.6901
2030-05-01,Himachal Pradesh,56.896767
2030-06-01,Himachal Pradesh,123.38069
2030-07-01,Himachal Pradesh,261.6846
2030-08-01,Himachal Pradesh,317.94623
2030-09-01,Himachal Pradesh,190.73756
2030-10-01,Himachal Pradesh,18.457653
2030-11-01,Himachal Pradesh,5.5746474
2030-12-01,Himachal Pradesh,18.054302
2024-04-01,Jammu And Kashmir,98.58767
2024-05-01,Jammu And Kashmir,225.21799
2024-06-01,Jammu And Kashmir,48.448486
2024-07-01,Jammu And Kashmir,78.203026
2024-08-01,Jammu And Kashmir,148.0219
2024-09-01,Jammu And Kashmir,92.571785
2024-10-01,Jammu And Kashmir,175.94185
2024-11-01,Jammu And Kashmir,66.54624
2024-12-01,Jammu And Kashmir,49.084515
2025-01-01,Jammu And Kashmir,71.305565
2025-02-01,Jammu And Kashmir,28.278028
2025-03-01,Jammu And Kashmir,157.12534
2025-04-01,Jammu And Kashmir,187.89478
2025-05-01,Jammu And Kashmir,89.14871
2025-06-01,Jammu And Kashmir,104.01875
2025-07-01,Jammu And Kashmir,50.41613
2025-08-01,Jammu And Kashmir,139.62889
2025-09-01,Jammu And Kashmir,111.64595
2025-10-01,Jammu And Kashmir,95.77077
2025-11-01,Jammu And Kashmir,161.61044
2025-12-01,Jammu And Kashmir,53.5703
2026-01-01,Jammu And Kashmir,136.89912
2026-02-01,Jammu And Kashmir,74.6022
2026-03-01,Jammu And Kashmir,39.691044
2026-04-01,Jammu And Kashmir,208.59924
2026-05-01,Jammu And Kashmir,50.622604
2026-06-01,Jammu And Kashmir,112.83445
2026-07-01,Jammu And Kashmir,99.310234
2026-08-01,Jammu And Kashmir,43.370876
2026-09-01,Jammu And Kashmir,169.84418
2026-10-01,Jammu And Kashmir,59.28342
2026-11-01,Jammu And Kashmir,131.99251
2026-12-01,Jammu And Kashmir,69.26913
2027-01-01,Jammu And Kashmir,31.410616
2027-02-01,Jammu And Kashmir,183.46272
2027-03-01,Jammu And Kashmir,132.71437
2027-04-01,Jammu And Kashmir,162.97868
2027-05-01,Jammu And Kashmir,92.89158
2027-06-01,Jammu And Kashmir,48.33199
2027-07-01,Jammu And Kashmir,174.93636
2027-08-01,Jammu And Kashmir,60.837746
2027-09-01,Jammu And Kashmir,139.48166
2027-10-01,Jammu And Kashmir,119.58206
2027-11-01,Jammu And Kashmir,43.816284
2027-12-01,Jammu And Kashmir,173.6559
2028-01-01,Jammu And Kashmir,61.49282
2028-02-01,Jammu And Kashmir,129.00078
2028-03-01,Jammu And Kashmir,90.047516
2028-04-01,Jammu And Kashmir,37.628387
2028-05-01,Jammu And Kashmir,181.7297
2028-06-01,Jammu And Kashmir,85.32598
2028-07-01,Jammu And Kashmir,146.13844
2028-08-01,Jammu And Kashmir,83.011894
2028-09-01,Jammu And Kashmir,38.08709
2028-10-01,Jammu And Kashmir,187.537
2028-11-01,Jammu And Kashmir,70.24971
2028-12-01,Jammu And Kashmir,141.1585
2029-01-01,Jammu And Kashmir,96.9039
2029-02-01,Jammu And Kashmir,40.127556
2029-03-01,Jammu And Kashmir,179.48923
2029-04-01,Jammu And Kashmir,68.3952
2029-05-01,Jammu And Kashmir,140.57674
2029-06-01,Jammu And Kashmir,90.82227
2029-07-01,Jammu And Kashmir,38.671204
2029-08-01,Jammu And Kashmir,179.12321
2029-09-01,Jammu And Kashmir,80.89838
2029-10-01,Jammu And Kashmir,154.26942
2029-11-01,Jammu And Kashmir,91.712555
2029-12-01,Jammu And Kashmir,40.250175
2030-01-01,Jammu And Kashmir,179.27911
2030-02-01,Jammu And Kashmir,69.73727
2030-03-01,Jammu And Kashmir,147.6289
2030-04-01,Jammu And Kashmir,103.03928
2030-05-01,Jammu And Kashmir,41.524002
2030-06-01,Jammu And Kashmir,175.02264
2030-07-01,Jammu And Kashmir,67.08465
2030-08-01,Jammu And Kashmir,140.97778
2030-09-01,Jammu And Kashmir,98.03664
2030-10-01,Jammu And Kashmir,39.741863
2030-11-01,Jammu And Kashmir,178.04893
2030-12-01,Jammu And Kashmir,74.664024
2024-04-01,Maharashtra,-4.167637
2024-05-01,Maharashtra,58.467484
2024-06-01,Maharashtra,302.838
2024-07-01,Maharashtra,376.57812
2024-08-01,Maharashtra,273.95004
2024-09-01,Maharashtra,157.79398
2024-10-01,Maharashtra,33.85989
2024-11-01,Maharashtra,2.3027165
2024-12-01,Maharashtra,-6.350379
2025-01-01,Maharashtra,-10.005577
2025-02-01,Maharashtra,-9.189148
2025-03-01,Maharashtra,1.2468333
2025-04-01,Maharashtra,-2.0098386
2025-05-01,Maharashtra,77.370705
2025-06-01,Maharashtra,339.49542
2025-07-01,Maharashtra,373.94427
2025-08-01,Maharashtra,266.79974
2025-09-01,Maharashtra,134.04675
2025-10-01,Maharashtra,19.284271
2025-11-01,Maharashtra,-1.759951
2025-12-01,Maharashtra,-8.896169
2026-01-01,Maharashtra,-12.579212
2026-02-01,Maharashtra,-4.099424
2026-03-01,Maharashtra,-3.5978582
2026-04-01,Maharashtra,-6.019565
2026-05-01,Maharashtra,159.95308
2026-06-01,Maharashtra,400.1847
2026-07-01,Maharashtra,343.3758
2026-08-01,Maharashtra,228.2473
2026-09-01,Maharashtra,99.21596
2026-10-01,Maharashtra,5.6148806
2026-11-01,Maharashtra,-7.8001256
2026-12-01,Maharashtra,-13.439453
2027-01-01,Maharashtra,-16.179064
2027-02-01,Maharashtra,-2.0475333
2027-03-01,Maharashtra,-3.997477
2027-04-01,Maharashtra,5.3424163
2027-05-01,Maharashtra,213.24796
2027-06-01,Maharashtra,419.28027
2027-07-01,Maharashtra,323.8467
2027-08-01,Maharashtra,213.07782
2027-09-01,Maharashtra,70.122856
2027-10-01,Maharashtra,-0.78874445
2027-11-01,Maharashtra,-9.4673
2027-12-01,Maharashtra,-14.347428
2028-01-01,Maharashtra,-16.989225
2028-02-01,Maharashtra,-1.9453115
2028-03-01,Maharashtra,-3.3544874
2028-04-01,Maharashtra,15.181693
2028-05-01,Maharashtra,234.01591
2028-06-01,Maharashtra,419.02344
2028-07-01,Maharashtra,314.05145
2028-08-01,Maharashtra,204.06091
2028-09-01,Maharashtra,55.06318
2028-10-01,Maharashtra,-2.351628
2028-11-01,Maharashtra,-9.141579
2028-12-01,Maharashtra,-14.124536
2029-01-01,Maharashtra,-16.806868
2029-02-01,Maharashtra,-1.1841532
2029-03-01,Maharashtra,-2.399654
2029-04-01,Maharashtra,21.837765
2029-05-01,Maharashtra,246.76614
2029-06-01,Maharashtra,414.80667
2029-07-01,Maharashtra,308.81906
2029-08-01,Maharashtra,196.56529
2029-09-01,Maharashtra,51.722015
2029-10-01,Maharashtra,-1.8719988
2029-11-01,Maharashtra,-8.10497
2029-12-01,Maharashtra,-13.329029
2030-01-01,Maharashtra,-16.146729
2030-02-01,Maharashtra,-0.5070155
2030-03-01,Maharashtra,-1.4868006
2030-04-01,Maharashtra,26.39375
2030-05-01,Maharashtra,254.17226
2030-06-01,Maharashtra,410.7147
2030-07-01,Maharashtra,304.91916
2030-08-01,Maharashtra,191.69856
2030-09-01,Maharashtra,49.97115
2030-10-01,Maharashtra,-1.354735
2030-11-01,Maharashtra,-7.325513
2030-12-01,Maharashtra,-12.714315
2024-04-01,Punjab,22.707644
2024-05-01,Punjab,25.249395
2024-06-01,Punjab,103.25664
2024-07-01,Punjab,181.8114
2024-08-01,Punjab,176.00325
2024-09-01,Punjab,115.371025
2024-10-01,Punjab,27.399864
2024-11-01,Punjab,12.647681
2024-12-01,Punjab,19.28671
2025-01-01,Punjab,27.361982
2025-02-01,Punjab,26.372011
2025-03-01,Punjab,23.514465
2025-04-01,Punjab,24.956419
2025-05-01,Punjab,23.888836
2025-06-01,Punjab,86.375824
2025-07-01,Punjab,178.57278
2025-08-01,Punjab,182.41687
2025-09-01,Punjab,111.583336
2025-10-01,Punjab,28.039812
2025-11-01,Punjab,12.58377
2025-12-01,Punjab,19.269814
2026-01-01,Punjab,27.19235
2026-02-01,Punjab,26.260649
2026-03-01,Punjab,23.333536
2026-04-01,Punjab,24.68917
2026-05-01,Punjab,23.762783
2026-06-01,Punjab,86.84212
2026-07-01,Punjab,178.73131
2026-08-01,Punjab,182.51802
2026-09-01,Punjab,112.11469
2026-10-01,Punjab,27.971552
2026-11-01,Punjab,12.565572
2026-12-01,Punjab,19.27067
2027-01-01,Punjab,27.185785
2027-02-01,Punjab,26.270853
2027-03-01,Punjab,23.312515
2027-04-01,Punjab,24.698315
2027-05-01,Punjab,23.752657
2027-06-01,Punjab,86.79289
2027-07-01,Punjab,178.7272
2027-08-01,Punjab,182.70717
2027-09-01,Punjab,112.051155
2027-10-01,Punjab,27.98831
2027-11-01,Punjab,12.556228
2027-12-01,Punjab,19.271334
2028-01-01,Punjab,27.185324
2028-02-01,Punjab,26.270061
2028-03-01,Punjab,23.30381
2028-04-01,Punjab,24.695646
2028-05-01,Punjab,23.74895
2028-06-01,Punjab,86.797066
2028-07-01,Punjab,178.74373
2028-08-01,Punjab,182.71422
2028-09-01,Punjab,112.06806
2028-10-01,Punjab,27.98571
2028-11-01,Punjab,12.554768
2028-12-01,Punjab,19.271418
2029-01-01,Punjab,27.185425
2029-02-01,Punjab,26.27021
2029-03-01,Punjab,23.3027
2029-04-01,Punjab,24.695383
2029-05-01,Punjab,23.748293
2029-06-01,Punjab,86.79677
2029-07-01,Punjab,178.74664
2029-08-01,Punjab,182.7211
2029-09-01,Punjab,112.066216
2029-10-01,Punjab,27.985628
2029-11-01,Punjab,12.554247
2029-12-01,Punjab,19.271547
2030-01-01,Punjab,27.18545
2030-02-01,Punjab,26.270136
2030-03-01,Punjab,23.302366
2030-04-01,Punjab,24.695162
2030-05-01,Punjab,23.748095
2030-06-01,Punjab,86.79732
2030-07-01,Punjab,178.74805
2030-08-01,Punjab,182.72157
2030-09-01,Punjab,112.066734
2030-10-01,Punjab,27.98537
2030-11-01,Punjab,12.554138
2030-12-01,Punjab,19.271578
2024-04-01,Andhra Pradesh,15.923307
2024-05-01,Andhra Pradesh,22.064732
2024-06-01,Andhra Pradesh,85.64478
2024-07-01,Andhra Pradesh,130.84851
2024-08-01,Andhra Pradesh,154.2041
2024-09-01,Andhra Pradesh,166.51877
2024-10-01,Andhra Pradesh,152.06894
2024-11-01,Andhra Pradesh,112.00552
2024-12-01,Andhra Pradesh,59.51282
2025-01-01,Andhra Pradesh,18.642174
2025-02-01,Andhra Pradesh,9.731192
2025-03-01,Andhra Pradesh,9.979587
2025-04-01,Andhra Pradesh,15.622647
2025-05-01,Andhra Pradesh,23.423033
2025-06-01,Andhra Pradesh,69.933876
2025-07-01,Andhra Pradesh,113.325264
2025-08-01,Andhra Pradesh,152.56934
2025-09-01,Andhra Pradesh,169.9579
2025-10-01,Andhra Pradesh,158.90187
2025-11-01,Andhra Pradesh,125.6904
2025-12-01,Andhra Pradesh,61.94628
2026-01-01,Andhra Pradesh,20.78055
2026-02-01,Andhra Pradesh,9.379289
2026-03-01,Andhra Pradesh,8.728933
2026-04-01,Andhra Pradesh,13.797496
2026-05-01,Andhra Pradesh,23.131842
2026-06-01,Andhra Pradesh,56.200768
2026-07-01,Andhra Pradesh,107.17989
2026-08-01,Andhra Pradesh,144.99219
2026-09-01,Andhra Pradesh,167.17534
2026-10-01,Andhra Pradesh,161.87912
2026-11-01,Andhra Pradesh,138.24881
2026-12-01,Andhra Pradesh,71.70483
2027-01-01,Andhra Pradesh,23.853449
2027-02-01,Andhra Pradesh,9.00778
2027-03-01,Andhra Pradesh,8.710727
2027-04-01,Andhra Pradesh,12.438309
2027-05-01,Andhra Pradesh,21.814898
2027-06-01,Andhra Pradesh,46.799614
2027-07-01,Andhra Pradesh,101.13864
2027-08-01,Andhra Pradesh,138.59723
2027-09-01,Andhra Pradesh,165.76439
2027-10-01,Andhra Pradesh,164.7743
2027-11-01,Andhra Pradesh,147.91437
2027-12-01,Andhra Pradesh,87.405556
2028-01-01,Andhra Pradesh,30.875662
2028-02-01,Andhra Pradesh,11.877133
2028-03-01,Andhra Pradesh,9.051659
2028-04-01,Andhra Pradesh,11.998903
2028-05-01,Andhra Pradesh,19.01829
2028-06-01,Andhra Pradesh,38.710873
2028-07-01,Andhra Pradesh,91.47554
2028-08-01,Andhra Pradesh,131.59
2028-09-01,Andhra Pradesh,164.05753
2028-10-01,Andhra Pradesh,168.64493
2028-11-01,Andhra Pradesh,154.09467
2028-12-01,Andhra Pradesh,106.261154
2029-01-01,Andhra Pradesh,40.067036
2029-02-01,Andhra Pradesh,15.624747
2029-03-01,Andhra Pradesh,9.95174
2029-04-01,Andhra Pradesh,11.321777
2029-05-01,Andhra Pradesh,17.06371
2029-06-01,Andhra Pradesh,31.933119
2029-07-01,Andhra Pradesh,77.88352
2029-08-01,Andhra Pradesh,123.05121
2029-09-01,Andhra Pradesh,158.33264
2029-10-01,Andhra Pradesh,169.46078
2029-11-01,Andhra Pradesh,157.39429
2029-12-01,Andhra Pradesh,119.461624
2030-01-01,Andhra Pradesh,47.862473
2030-02-01,Andhra Pradesh,17.296095
2030-03-01,Andhra Pradesh,9.647246
2030-04-01,Andhra Pradesh,9.622306
2030-05-01,Andhra Pradesh,14.930262
2030-06-01,Andhra Pradesh,27.615616
2030-07-01,Andhra Pradesh,65.64027
2030-08-01,Andhra Pradesh,116.31249
2030-09-01,Andhra Pradesh,151.67825
2030-10-01,Andhra Pradesh,168.60973
2030-11-01,Andhra Pradesh,159.90993
2030-12-01,Andhra Pradesh,127.18523
2024-04-01,Arunachal Pradesh,191.32211
2024-05-01,Arunachal Pradesh,292.09235
2024-06-01,Arunachal Pradesh,351.0057
2024-07-01,Arunachal Pradesh,360.542
2024-08-01,Arunachal Pradesh,259.1695
2024-09-01,Arunachal Pradesh,184.12323
2024-10-01,Arunachal Pradesh,66.54932
2024-11-01,Arunachal Pradesh,30.09601
2024-12-01,Arunachal Pradesh,28.664537
2025-01-01,Arunachal Pradesh,46.852325
2025-02-01,Arunachal Pradesh,77.126434
2025-03-01,Arunachal Pradesh,152.7441
2025-04-01,Arunachal Pradesh,266.91425
2025-05-01,Arunachal Pradesh,334.21967
2025-06-01,Arunachal Pradesh,374.38275
2025-07-01,Arunachal Pradesh,278.77545
2025-08-01,Arunachal Pradesh,209.07227
2025-09-01,Arunachal Pradesh,90.427475
2025-10-01,Arunachal Pradesh,34.059097
2025-11-01,Arunachal Pradesh,27.47796
2025-12-01,Arunachal Pradesh,44.895763
2026-01-01,Arunachal Pradesh,67.81724
2026-02-01,Arunachal Pradesh,136.95436
2026-03-01,Arunachal Pradesh,241.22218
2026-04-01,Arunachal Pradesh,322.47705
2026-05-01,Arunachal Pradesh,368.3027
2026-06-01,Arunachal Pradesh,309.69305
2026-07-01,Arunachal Pradesh,228.53827
2026-08-01,Arunachal Pradesh,125.64692
2026-09-01,Arunachal Pradesh,38.226044
2026-10-01,Arunachal Pradesh,27.096521
2026-11-01,Arunachal Pradesh,39.49855
2026-12-01,Arunachal Pradesh,57.942272
2027-01-01,Arunachal Pradesh,114.2641
2027-02-01,Arunachal Pradesh,199.64685
2027-03-01,Arunachal Pradesh,305.698
2027-04-01,Arunachal Pradesh,355.19315
2027-05-01,Arunachal Pradesh,363.58432
2027-06-01,Arunachal Pradesh,255.56352
2027-07-01,Arunachal Pradesh,172.01445
2027-08-01,Arunachal Pradesh,54.734463
2027-09-01,Arunachal Pradesh,29.00645
2027-10-01,Arunachal Pradesh,31.650381
2027-11-01,Arunachal Pradesh,49.415028
2027-12-01,Arunachal Pradesh,88.14586
2028-01-01,Arunachal Pradesh,165.32256
2028-02-01,Arunachal Pradesh,279.14368
2028-03-01,Arunachal Pradesh,340.182
2028-04-01,Arunachal Pradesh,377.7067
2028-05-01,Arunachal Pradesh,271.09186
2028-06-01,Arunachal Pradesh,199.23416
2028-07-01,Arunachal Pradesh,78.4225
2028-08-01,Arunachal Pradesh,33.18789
2028-09-01,Arunachal Pradesh,28.19701
2028-10-01,Arunachal Pradesh,46.112865
2028-11-01,Arunachal Pradesh,73.76731
2028-12-01,Arunachal Pradesh,145.44861
2029-01-01,Arunachal Pradesh,254.47643
2029-02-01,Arunachal Pradesh,329.04263
2029-03-01,Arunachal Pradesh,371.99393
2029-04-01,Arunachal Pradesh,293.0465
2029-05-01,Arunachal Pradesh,218.25095
2029-06-01,Arunachal Pradesh,106.369385
2029-07-01,Arunachal Pradesh,35.422707
2029-08-01,Arunachal Pradesh,26.659077
2029-09-01,Arunachal Pradesh,42.86474
2029-10-01,Arunachal Pradesh,62.65709
2029-11-01,Arunachal Pradesh,127.73836
2029-12-01,Arunachal Pradesh,224.0583
2030-01-01,Arunachal Pradesh,314.50165
2030-02-01,Arunachal Pradesh,363.0741
2030-03-01,Arunachal Pradesh,338.4716
2030-04-01,Arunachal Pradesh,241.99255
2030-05-01,Arunachal Pradesh,152.96426
2030-06-01,Arunachal Pradesh,44.4623
2030-07-01,Arunachal Pradesh,27.916075
2030-08-01,Arunachal Pradesh,35.79895
2030-09-01,Arunachal Pradesh,53.21852
2030-10-01,Arunachal Pradesh,99.00122
2030-11-01,Arunachal Pradesh,178.68707
2030-12-01,Arunachal Pradesh,293.89618
2024-04-01,Uttar Pradesh,18.611486
2024-05-01,Uttar Pradesh,37.301785
2024-06-01,Uttar Pradesh,135.85197
2024-07-01,Uttar Pradesh,230.88795
2024-08-01,Uttar Pradesh,202.5318
2024-09-01,Uttar Pradesh,105.02095
2024-10-01,Uttar Pradesh,20.283493
2024-11-01,Uttar Pradesh,15.958406
2024-12-01,Uttar Pradesh,17.595753
2025-01-01,Uttar Pradesh,22.239994
2025-02-01,Uttar Pradesh,21.577032
2025-03-01,Uttar Pradesh,19.88444
2025-04-01,Uttar Pradesh,21.3464
2025-05-01,Uttar Pradesh,44.729202
2025-06-01,Uttar Pradesh,140.62593
2025-07-01,Uttar Pradesh,215.19405
2025-08-01,Uttar Pradesh,167.05618
2025-09-01,Uttar Pradesh,92.98033
2025-10-01,Uttar Pradesh,25.829536
2025-11-01,Uttar Pradesh,18.674198
2025-12-01,Uttar Pradesh,21.40172
2026-01-01,Uttar Pradesh,25.71768
2026-02-01,Uttar Pradesh,23.216188
2026-03-01,Uttar Pradesh,21.084675
2026-04-01,Uttar Pradesh,22.642832
2026-05-01,Uttar Pradesh,51.27489
2026-06-01,Uttar Pradesh,160.93059
2026-07-01,Uttar Pradesh,201.67267
2026-08-01,Uttar Pradesh,157.35698
2026-09-01,Uttar Pradesh,76.66226
2026-10-01,Uttar Pradesh,23.453913
2026-11-01,Uttar Pradesh,18.152489
2026-12-01,Uttar Pradesh,23.223557
2027-01-01,Uttar Pradesh,27.408901
2027-02-01,Uttar Pradesh,21.924355
2027-03-01,Uttar Pradesh,22.414093
2027-04-01,Uttar Pradesh,26.995445
2027-05-01,Uttar Pradesh,60.720814
2027-06-01,Uttar Pradesh,191.48656
2027-07-01,Uttar Pradesh,194.42715
2027-08-01,Uttar Pradesh,143.84068
2027-09-01,Uttar Pradesh,51.009277
2027-10-01,Uttar Pradesh,22.41079
2027-11-01,Uttar Pradesh,18.733805
2027-12-01,Uttar Pradesh,24.415215
2028-01-01,Uttar Pradesh,25.317928
2028-02-01,Uttar Pradesh,19.15602
2028-03-01,Uttar Pradesh,22.503702
2028-04-01,Uttar Pradesh,41.185585
2028-05-01,Uttar Pradesh,116.11118
2028-06-01,Uttar Pradesh,204.37361
2028-07-01,Uttar Pradesh,186.9189
2028-08-01,Uttar Pradesh,117.41128
2028-09-01,Uttar Pradesh,39.23674
2028-10-01,Uttar Pradesh,19.824419
2028-11-01,Uttar Pradesh,20.942596
2028-12-01,Uttar Pradesh,26.285599
2029-01-01,Uttar Pradesh,24.516455
2029-02-01,Uttar Pradesh,19.604433
2029-03-01,Uttar Pradesh,21.892582
2029-04-01,Uttar Pradesh,43.760963
2029-05-01,Uttar Pradesh,111.36363
2029-06-01,Uttar Pradesh,206.78964
2029-07-01,Uttar Pradesh,169.71446
2029-08-01,Uttar Pradesh,112.1541
2029-09-01,Uttar Pradesh,36.036354
2029-10-01,Uttar Pradesh,21.377615
2029-11-01,Uttar Pradesh,21.81296
2029-12-01,Uttar Pradesh,26.762398
2030-01-01,Uttar Pradesh,24.91645
2030-02-01,Uttar Pradesh,20.08383
2030-03-01,Uttar Pradesh,22.480135
2030-04-01,Uttar Pradesh,46.66862
2030-05-01,Uttar Pradesh,134.1216
2030-06-01,Uttar Pradesh,200.01729
2030-07-01,Uttar Pradesh,166.42653
2030-08-01,Uttar Pradesh,99.48139
2030-09-01,Uttar Pradesh,33.88226
2030-10-01,Uttar Pradesh,20.243008
2030-11-01,Uttar Pradesh,23.19435
2030-12-01,Uttar Pradesh,28.061113
2024-04-01,Haryana,9.771169
2024-05-01,Haryana,33.366776
2024-06-01,Haryana,92.23757
2024-07-01,Haryana,155.58421
2024-08-01,Haryana,124.05828
2024-09-01,Haryana,32.374996
2024-10-01,Haryana,11.065522
2024-11-01,Haryana,7.3187156
2024-12-01,Haryana,12.663419
2025-01-01,Haryana,24.339592
2025-02-01,Haryana,9.031415
2025-03-01,Haryana,6.162249
2025-04-01,Haryana,12.237713
2025-05-01,Haryana,20.564014
2025-06-01,Haryana,77.91607
2025-07-01,Haryana,164.63693
2025-08-01,Haryana,112.34158
2025-09-01,Haryana,37.777477
2025-10-01,Haryana,11.987767
2025-11-01,Haryana,8.306487
2025-12-01,Haryana,11.243988
2026-01-01,Haryana,26.043074
2026-02-01,Haryana,7.921529
2026-03-01,Haryana,6.3714614
2026-04-01,Haryana,12.604405
2026-05-01,Haryana,19.050077
2026-06-01,Haryana,71.88511
2026-07-01,Haryana,164.3635
2026-08-01,Haryana,117.684006
2026-09-01,Haryana,45.412937
2026-10-01,Haryana,12.282451
2026-11-01,Haryana,8.465307
2026-12-01,Haryana,9.960721
2027-01-01,Haryana,26.611454
2027-02-01,Haryana,9.393592
2027-03-01,Haryana,5.1679587
2027-04-01,Haryana,13.947252
2027-05-01,Haryana,17.247065
2027-06-01,Haryana,64.5115
2027-07-01,Haryana,160.85846
2027-08-01,Haryana,122.829094
2027-09-01,Haryana,52.34727
2027-10-01,Haryana,12.651567
2027-11-01,Haryana,9.162977
2027-12-01,Haryana,8.981753
2028-01-01,Haryana,26.517614
2028-02-01,Haryana,11.005694
2028-03-01,Haryana,3.9480517
2028-04-01,Haryana,14.816078
2028-05-01,Haryana,16.382952
2028-06-01,Haryana,56.840343
2028-07-01,Haryana,155.95251
2028-08-01,Haryana,127.971664
2028-09-01,Haryana,61.928352
2028-10-01,Haryana,13.315695
2028-11-01,Haryana,9.992866
2028-12-01,Haryana,7.926873
2029-01-01,Haryana,25.882998
2029-02-01,Haryana,13.183247
2029-03-01,Haryana,2.6672728
2029-04-01,Haryana,15.857879
2029-05-01,Haryana,15.365818
2029-06-01,Haryana,49.880814
2029-07-01,Haryana,147.3956
2029-08-01,Haryana,133.50127
2029-09-01,Haryana,76.62354
2029-10-01,Haryana,14.695852
2029-11-01,Haryana,10.416917
2029-12-01,Haryana,6.903091
2030-01-01,Haryana,23.626047
2030-02-01,Haryana,16.287569
2030-03-01,Haryana,1.1781178
2030-04-01,Haryana,14.184673
2030-05-01,Haryana,13.26598
2030-06-01,Haryana,39.877415
2030-07-01,Haryana,133.20235
2030-08-01,Haryana,148.00607
2030-09-01,Haryana,92.69633
2030-10-01,Haryana,17.291937
2030-11-01,Haryana,11.196565
2030-12-01,Haryana,7.230099
2024-04-01,Madhya Pradesh,22.14389
2024-05-01,Madhya Pradesh,28.50185
2024-06-01,Madhya Pradesh,87.53885
2024-07-01,Madhya Pradesh,170.47469
2024-08-01,Madhya Pradesh,218.32681
2024-09-01,Madhya Pradesh,151.4125
2024-10-01,Madhya Pradesh,51.160095
2024-11-01,Madhya Pradesh,28.566086
2024-12-01,Madhya Pradesh,29.361006
2025-01-01,Madhya Pradesh,33.74988
2025-02-01,Madhya Pradesh,35.723267
2025-03-01,Madhya Pradesh,38.015633
2025-04-01,Madhya Pradesh,34.994076
2025-05-01,Madhya Pradesh,39.509537
2025-06-01,Madhya Pradesh,87.535675
2025-07-01,Madhya Pradesh,145.40292
2025-08-01,Madhya Pradesh,191.95972
2025-09-01,Madhya Pradesh,130.12833
2025-10-01,Madhya Pradesh,60.88791
2025-11-01,Madhya Pradesh,34.120274
2025-12-01,Madhya Pradesh,32.921413
2026-01-01,Madhya Pradesh,38.43947
2026-02-01,Madhya Pradesh,48.83453
2026-03-01,Madhya Pradesh,57.89719
2026-04-01,Madhya Pradesh,51.65565
2026-05-01,Madhya Pradesh,47.611706
2026-06-01,Madhya Pradesh,73.06494
2026-07-01,Madhya Pradesh,123.04631
2026-08-01,Madhya Pradesh,162.40372
2026-09-01,Madhya Pradesh,130.86304
2026-10-01,Madhya Pradesh,79.58467
2026-11-01,Madhya Pradesh,42.257004
2026-12-01,Madhya Pradesh,36.24977
2027-01-01,Madhya Pradesh,43.773193
2027-02-01,Madhya Pradesh,61.252995
2027-03-01,Madhya Pradesh,79.14495
2027-04-01,Madhya Pradesh,75.10709
2027-05-01,Madhya Pradesh,65.5365
2027-06-01,Madhya Pradesh,69.90353
2027-07-01,Madhya Pradesh,97.66992
2027-08-01,Madhya Pradesh,125.150795
2027-09-01,Madhya Pradesh,125.625595
2027-10-01,Madhya Pradesh,99.4073
2027-11-01,Madhya Pradesh,67.47574
2027-12-01,Madhya Pradesh,47.7336
2028-01-01,Madhya Pradesh,50.290302
2028-02-01,Madhya Pradesh,73.42752
2028-03-01,Madhya Pradesh,106.50797
2028-04-01,Madhya Pradesh,117.05471
2028-05-01,Madhya Pradesh,97.44988
2028-06-01,Madhya Pradesh,74.18532
2028-07-01,Madhya Pradesh,59.786736
2028-08-01,Madhya Pradesh,65.47041
2028-09-01,Madhya Pradesh,89.0371
2028-10-01,Madhya Pradesh,114.13891
2028-11-01,Madhya Pradesh,117.44867
2028-12-01,Madhya Pradesh,94.874344
2029-01-01,Madhya Pradesh,66.93395
2029-02-01,Madhya Pradesh,53.28646
2029-03-01,Madhya Pradesh,60.424644
2029-04-01,Madhya Pradesh,87.19983
2029-05-01,Madhya Pradesh,116.44409
2029-06-01,Madhya Pradesh,120.21715
2029-07-01,Madhya Pradesh,96.19726
2029-08-01,Madhya Pradesh,66.74404
2029-09-01,Madhya Pradesh,52.145348
2029-10-01,Madhya Pradesh,59.567364
2029-11-01,Madhya Pradesh,86.11811
2029-12-01,Madhya Pradesh,116.43
2030-01-01,Madhya Pradesh,120.504326
2030-02-01,Madhya Pradesh,96.16424
2030-03-01,Madhya Pradesh,66.94252
2030-04-01,Madhya Pradesh,52.18195
2030-05-01,Madhya Pradesh,59.763462
2030-06-01,Madhya Pradesh,86.27618
2030-07-01,Madhya Pradesh,116.48934
2030-08-01,Madhya Pradesh,120.48155
2030-09-01,Madhya Pradesh,96.11591
2030-10-01,Madhya Pradesh,66.83171
2030-11-01,Madhya Pradesh,52.12764
2030-12-01,Madhya Pradesh,59.75913
2024-04-01,Manipur,151.72386
2024-05-01,Manipur,245.54193
2024-06-01,Manipur,240.98912
2024-07-01,Manipur,237.1895
2024-08-01,Manipur,244.95468
2024-09-01,Manipur,130.76819
2024-10-01,Manipur,72.14548
2024-11-01,Manipur,22.011576
2024-12-01,Manipur,6.355458
2025-01-01,Manipur,10.642292
2025-02-01,Manipur,33.274136
2025-03-01,Manipur,93.19924
2025-04-01,Manipur,218.39285
2025-05-01,Manipur,267.0833
2025-06-01,Manipur,267.3765
2025-07-01,Manipur,263.60776
2025-08-01,Manipur,188.80907
2025-09-01,Manipur,80.031784
2025-10-01,Manipur,28.297596
2025-11-01,Manipur,2.922066
2025-12-01,Manipur,6.1228175
2026-01-01,Manipur,24.358486
2026-02-01,Manipur,68.43881
2026-03-01,Manipur,184.51375
2026-04-01,Manipur,269.3157
2026-05-01,Manipur,273.61798
2026-06-01,Manipur,269.93808
2026-07-01,Manipur,213.23822
2026-08-01,Manipur,108.084915
2026-09-01,Manipur,44.029514
2026-10-01,Manipur,3.8455987
2026-11-01,Manipur,3.2866294
2026-12-01,Manipur,15.928887
2027-01-01,Manipur,48.14783
2027-02-01,Manipur,145.08815
2027-03-01,Manipur,255.0538
2027-04-01,Manipur,274.1693
2027-05-01,Manipur,269.0692
2027-06-01,Manipur,245.41219
2027-07-01,Manipur,150.041
2027-08-01,Manipur,61.144985
2027-09-01,Manipur,8.921847
2027-10-01,Manipur,0.29428825
2027-11-01,Manipur,8.944451
2027-12-01,Manipur,32.489185
2028-01-01,Manipur,101.76242
2028-02-01,Manipur,224.65312
2028-03-01,Manipur,274.05286
2028-04-01,Manipur,272.45428
2028-05-01,Manipur,264.42096
2028-06-01,Manipur,185.55655
2028-07-01,Manipur,77.935135
2028-08-01,Manipur,24.293245
2028-09-01,Manipur,1.9643005
2028-10-01,Manipur,5.9450564
2028-11-01,Manipur,24.805265
2028-12-01,Manipur,72.03537
2029-01-01,Manipur,189.54938
2029-02-01,Manipur,271.3193
2029-03-01,Manipur,274.41342
2029-04-01,Manipur,270.38873
2029-05-01,Manipur,209.59227
2029-06-01,Manipur,103.566574
2029-07-01,Manipur,41.093792
2029-08-01,Manipur,3.5177329
2029-09-01,Manipur,3.6421359
2029-10-01,Manipur,17.259052
2029-11-01,Manipur,51.193638
2029-12-01,Manipur,151.64366
2030-01-01,Manipur,258.33133
2030-02-01,Manipur,274.0653
2030-03-01,Manipur,269.2307
2030-04-01,Manipur,241.19409
2030-05-01,Manipur,143.66629
2030-06-01,Manipur,58.385662
2030-07-01,Manipur,7.6231947
2030-08-01,Manipur,0.44200286
2030-09-01,Manipur,9.526995
2030-10-01,Manipur,34.163986
2030-11-01,Manipur,107.314835
2030-12-01,Manipur,229.96626
2024-04-01,Karnataka,31.831139
2024-05-01,Karnataka,72.32547
2024-06-01,Karnataka,142.92853
2024-07-01,Karnataka,203.18385
2024-08-01,Karnataka,212.28253
2024-09-01,Karnataka,181.83913
2024-10-01,Karnataka,135.73236
2024-11-01,Karnataka,83.62867
2024-12-01,Karnataka,18.63604
2025-01-01,Karnataka,6.341993
2025-02-01,Karnataka,7.5373197
2025-03-01,Karnataka,16.217598
2025-04-01,Karnataka,38.026714
2025-05-01,Karnataka,81.54698
2025-06-01,Karnataka,156.19312
2025-07-01,Karnataka,206.20543
2025-08-01,Karnataka,205.95367
2025-09-01,Karnataka,170.8293
2025-10-01,Karnataka,122.388306
2025-11-01,Karnataka,77.393105
2025-12-01,Karnataka,22.204643
2026-01-01,Karnataka,10.461158
2026-02-01,Karnataka,12.366817
2026-03-01,Karnataka,20.59659
2026-04-01,Karnataka,45.632248
2026-05-01,Karnataka,94.74663
2026-06-01,Karnataka,168.59695
2026-07-01,Karnataka,209.17474
2026-08-01,Karnataka,202.14815
2026-09-01,Karnataka,162.83926
2026-10-01,Karnataka,115.95874
2026-11-01,Karnataka,71.50266
2026-12-01,Karnataka,23.790758
2027-01-01,Karnataka,12.292071
2027-02-01,Karnataka,15.120439
2027-03-01,Karnataka,24.986933
2027-04-01,Karnataka,52.38533
2027-05-01,Karnataka,107.72561
2027-06-01,Karnataka,178.2218
2027-07-01,Karnataka,211.28775
2027-08-01,Karnataka,197.26498
2027-09-01,Karnataka,154.87137
2027-10-01,Karnataka,108.74282
2027-11-01,Karnataka,65.726555
2027-12-01,Karnataka,22.993368
2028-01-01,Karnataka,13.260838
2028-02-01,Karnataka,16.695343
2028-03-01,Karnataka,28.419527
2028-04-01,Karnataka,58.175144
2028-05-01,Karnataka,119.29027
2028-06-01,Karnataka,186.1789
2028-07-01,Karnataka,212.04019
2028-08-01,Karnataka,192.365
2028-09-01,Karnataka,148.15654
2028-10-01,Karnataka,102.45997
2028-11-01,Karnataka,61.140923
2028-12-01,Karnataka,21.806953
2029-01-01,Karnataka,14.024193
2029-02-01,Karnataka,17.845188
2029-03-01,Karnataka,31.187447
2029-04-01,Karnataka,63.80083
2029-05-01,Karnataka,129.29132
2029-06-01,Karnataka,192.88791
2029-07-01,Karnataka,211.59972
2029-08-01,Karnataka,187.61281
2029-09-01,Karnataka,142.06998
2029-10-01,Karnataka,96.31608
2029-11-01,Karnataka,55.301353
2029-12-01,Karnataka,20.504065
2030-01-01,Karnataka,14.361522
2030-02-01,Karnataka,18.74284
2030-03-01,Karnataka,33.725338
2030-04-01,Karnataka,69.31616
2030-05-01,Karnataka,138.51556
2030-06-01,Karnataka,198.22453
2030-07-01,Karnataka,209.78317
2030-08-01,Karnataka,182.34955
2030-09-01,Karnataka,135.62039
2030-10-01,Karnataka,90.18101
2030-11-01,Karnataka,46.902542
2030-12-01,Karnataka,18.531725
2024-04-01,Chandigarh,26.283422
2024-05-01,Chandigarh,81.88537
2024-06-01,Chandigarh,191.25713
2024-07-01,Chandigarh,209.08304
2024-08-01,Chandigarh,137.11902
2024-09-01,Chandigarh,37.288467
2024-10-01,Chandigarh,25.068203
2024-11-01,Chandigarh,35.820606
2024-12-01,Chandigarh,42.23599
2025-01-01,Chandigarh,42.564556
2025-02-01,Chandigarh,42.67166
2025-03-01,Chandigarh,46.18288
2025-04-01,Chandigarh,72.91529
2025-05-01,Chandigarh,119.21405
2025-06-01,Chandigarh,148.94353
2025-07-01,Chandigarh,125.253746
2025-08-01,Chandigarh,55.133575
2025-09-01,Chandigarh,32.997593
2025-10-01,Chandigarh,37.25006
2025-11-01,Chandigarh,41.976494
2025-12-01,Chandigarh,51.407127
2026-01-01,Chandigarh,60.59258
2026-02-01,Chandigarh,71.26233
2026-03-01,Chandigarh,86.40779
2026-04-01,Chandigarh,100.5059
2026-05-01,Chandigarh,99.702484
2026-06-01,Chandigarh,77.53703
2026-07-01,Chandigarh,42.927036
2026-08-01,Chandigarh,39.46113
2026-09-01,Chandigarh,46.032467
2026-10-01,Chandigarh,58.94207
2026-11-01,Chandigarh,75.4051
2026-12-01,Chandigarh,87.970566
2027-01-01,Chandigarh,91.88371
2027-02-01,Chandigarh,84.550026
2027-03-01,Chandigarh,70.830284
2027-04-01,Chandigarh,52.75514
2027-05-01,Chandigarh,42.841465
2027-06-01,Chandigarh,47.07056
2027-07-01,Chandigarh,61.088127
2027-08-01,Chandigarh,78.89829
2027-09-01,Chandigarh,92.728325
2027-10-01,Chandigarh,94.02053
2027-11-01,Chandigarh,81.75617
2027-12-01,Chandigarh,62.053368
2028-01-01,Chandigarh,46.678326
2028-02-01,Chandigarh,43.82979
2028-03-01,Chandigarh,50.55912
2028-04-01,Chandigarh,66.00645
2028-05-01,Chandigarh,82.459404
2028-06-01,Chandigarh,93.4872
2028-07-01,Chandigarh,92.50069
2028-08-01,Chandigarh,79.178825
2028-09-01,Chandigarh,58.55561
2028-10-01,Chandigarh,44.36839
2028-11-01,Chandigarh,43.77004
2028-12-01,Chandigarh,52.990746
2029-01-01,Chandigarh,70.24789
2029-02-01,Chandigarh,86.25407
2029-03-01,Chandigarh,94.493805
2029-04-01,Chandigarh,89.51248
2029-05-01,Chandigarh,74.47657
2029-06-01,Chandigarh,54.3939
2029-07-01,Chandigarh,43.320534
2029-08-01,Chandigarh,45.2997
2029-09-01,Chandigarh,56.1101
2029-10-01,Chandigarh,73.84285
2029-11-01,Chandigarh,88.462555
2029-12-01,Chandigarh,94.16218
2030-01-01,Chandigarh,86.287476
2030-02-01,Chandigarh,69.593605
2030-03-01,Chandigarh,51.003067
2030-04-01,Chandigarh,43.33963
2030-05-01,Chandigarh,47.493023
2030-06-01,Chandigarh,60.16279
2030-07-01,Chandigarh,77.39438
2030-08-01,Chandigarh,90.77638
2030-09-01,Chandigarh,93.76682
2030-10-01,Chandigarh,83.57543
2030-11-01,Chandigarh,64.91551
2030-12-01,Chandigarh,47.73503
2024-04-01,West Bengal,78.10757
2024-05-01,West Bengal,172.16298
2024-06-01,West Bengal,311.71484
2024-07-01,West Bengal,385.9789
2024-08-01,West Bengal,361.4539
2024-09-01,West Bengal,308.18558
2024-10-01,West Bengal,144.94057
2024-11-01,West Bengal,27.932161
2024-12-01,West Bengal,3.1532936
2025-01-01,West Bengal,15.321113
2025-02-01,West Bengal,23.080946
2025-03-01,West Bengal,41.554123
2025-04-01,West Bengal,92.34111
2025-05-01,West Bengal,191.6427
2025-06-01,West Bengal,328.5305
2025-07-01,West Bengal,388.23843
2025-08-01,West Bengal,361.97858
2025-09-01,West Bengal,305.10016
2025-10-01,West Bengal,132.59444
2025-11-01,West Bengal,19.672691
2025-12-01,West Bengal,4.6012673
2026-01-01,West Bengal,16.620838
2026-02-01,West Bengal,23.625391
2026-03-01,West Bengal,42.02037
2026-04-01,West Bengal,97.762695
2026-05-01,West Bengal,199.80766
2026-06-01,West Bengal,336.23907
2026-07-01,West Bengal,387.4322
2026-08-01,West Bengal,359.69824
2026-09-01,West Bengal,297.2848
2026-10-01,West Bengal,121.71555
2026-11-01,West Bengal,15.230992
2026-12-01,West Bengal,4.694139
2027-01-01,West Bengal,17.795069
2027-02-01,West Bengal,24.333012
2027-03-01,West Bengal,42.34267
2027-04-01,West Bengal,101.06199
2027-05-01,West Bengal,204.99594
2027-06-01,West Bengal,340.65756
2027-07-01,West Bengal,387.0373
2027-08-01,West Bengal,357.86905
2027-09-01,West Bengal,291.3382
2027-10-01,West Bengal,114.70795
2027-11-01,West Bengal,12.549429
2027-12-01,West Bengal,4.787959
2028-01-01,West Bengal,18.147623
2028-02-01,West Bengal,24.546658
2028-03-01,West Bengal,42.35832
2028-04-01,West Bengal,102.98642
2028-05-01,West Bengal,208.32402
2028-06-01,West Bengal,343.16403
2028-07-01,West Bengal,386.72562
2028-08-01,West Bengal,356.68997
2028-09-01,West Bengal,286.45322
2028-10-01,West Bengal,110.403984
2028-11-01,West Bengal,10.891999
2028-12-01,West Bengal,4.8783207
2029-01-01,West Bengal,18.35531
2029-02-01,West Bengal,24.67459
2029-03-01,West Bengal,42.396328
2029-04-01,West Bengal,104.12809
2029-05-01,West Bengal,210.38306
2029-06-01,West Bengal,344.8518
2029-07-01,West Bengal,386.51544
2029-08-01,West Bengal,355.53235
2029-09-01,West Bengal,282.25436
2029-10-01,West Bengal,107.45334
2029-11-01,West Bengal,9.71204
2029-12-01,West Bengal,4.9732585
2030-01-01,West Bengal,18.519712
2030-02-01,West Bengal,24.854622
2030-03-01,West Bengal,42.543247
2030-04-01,West Bengal,105.002686
2030-05-01,West Bengal,211.76746
2030-06-01,West Bengal,346.06467
2030-07-01,West Bengal,386.38855
2030-08-01,West Bengal,354.63385
2030-09-01,West Bengal,278.99094
2030-10-01,West Bengal,105.35119
2030-11-01,West Bengal,8.861384
2030-12-01,West Bengal,5.031838
2024-04-01,Rajasthan,24.313305
2024-05-01,Rajasthan,72.394806
2024-06-01,Rajasthan,148.58095
2024-07-01,Rajasthan,107.11161
2024-08-01,Rajasthan,38.82975
2024-09-01,Rajasthan,14.393284
2024-10-01,Rajasthan,13.221668
2024-11-01,Rajasthan,15.546733
2024-12-01,Rajasthan,12.89719
2025-01-01,Rajasthan,20.61677
2025-02-01,Rajasthan,20.059162
2025-03-01,Rajasthan,33.432808
2025-04-01,Rajasthan,71.356766
2025-05-01,Rajasthan,150.64386
2025-06-01,Rajasthan,100.841774
2025-07-01,Rajasthan,34.114464
2025-08-01,Rajasthan,14.554386
2025-09-01,Rajasthan,12.770205
2025-10-01,Rajasthan,16.090946
2025-11-01,Rajasthan,13.091344
2025-12-01,Rajasthan,21.00159
2026-01-01,Rajasthan,23.233442
2026-02-01,Rajasthan,38.24826
2026-03-01,Rajasthan,84.912636
2026-04-01,Rajasthan,154.2904
2026-05-01,Rajasthan,86.35936
2026-06-01,Rajasthan,25.499352
2026-07-01,Rajasthan,14.885029
2026-08-01,Rajasthan,12.438315
2026-09-01,Rajasthan,16.613949
2026-10-01,Rajasthan,13.83701
2026-11-01,Rajasthan,17.292673
2026-12-01,Rajasthan,21.844313
2027-01-01,Rajasthan,36.630905
2027-02-01,Rajasthan,89.00235
2027-03-01,Rajasthan,158.65524
2027-04-01,Rajasthan,84.56959
2027-05-01,Rajasthan,23.74451
2027-06-01,Rajasthan,14.7515745
2027-07-01,Rajasthan,12.178534
2027-08-01,Rajasthan,16.45814
2027-09-01,Rajasthan,13.169086
2027-10-01,Rajasthan,14.759463
2027-11-01,Rajasthan,18.696016
2027-12-01,Rajasthan,31.459335
2028-01-01,Rajasthan,78.00144
2028-02-01,Rajasthan,159.56548
2028-03-01,Rajasthan,94.868904
2028-04-01,Rajasthan,28.608608
2028-05-01,Rajasthan,14.553648
2028-06-01,Rajasthan,12.351008
2028-07-01,Rajasthan,16.447433
2028-08-01,Rajasthan,12.811886
2028-09-01,Rajasthan,18.103434
2028-10-01,Rajasthan,19.9744
2028-11-01,Rajasthan,34.119392
2028-12-01,Rajasthan,78.059944
2029-01-01,Rajasthan,156.84341
2029-02-01,Rajasthan,92.34234
2029-03-01,Rajasthan,28.20963
2029-04-01,Rajasthan,14.723425
2029-05-01,Rajasthan,12.469716
2029-06-01,Rajasthan,16.590727
2029-07-01,Rajasthan,13.313413
2029-08-01,Rajasthan,19.088833
2029-09-01,Rajasthan,22.347622
2029-10-01,Rajasthan,37.537937
2029-11-01,Rajasthan,86.91612
2029-12-01,Rajasthan,156.48816
2030-01-01,Rajasthan,85.009544
2030-02-01,Rajasthan,24.617622
2030-03-01,Rajasthan,14.840674
2030-04-01,Rajasthan,12.321447
2030-05-01,Rajasthan,16.60292
2030-06-01,Rajasthan,13.591574
2030-07-01,Rajasthan,16.271952
2030-08-01,Rajasthan,20.7153
2030-09-01,Rajasthan,34.44717
2030-10-01,Rajasthan,84.41207
2030-11-01,Rajasthan,159.51993
2030-12-01,Rajasthan,88.133545
2024-04-01,Chhattisgarh,22.633026
2024-05-01,Chhattisgarh,41.14763
2024-06-01,Chhattisgarh,178.0449
2024-07-01,Chhattisgarh,340.10223
2024-08-01,Chhattisgarh,321.48013
2024-09-01,Chhattisgarh,233.35889
2024-10-01,Chhattisgarh,35.072624
2024-11-01,Chhattisgarh,6.2022824
2024-12-01,Chhattisgarh,9.392067
2025-01-01,Chhattisgarh,18.76283
2025-02-01,Chhattisgarh,16.229633
2025-03-01,Chhattisgarh,20.995024
2025-04-01,Chhattisgarh,21.14109
2025-05-01,Chhattisgarh,45.923573
2025-06-01,Chhattisgarh,189.40482
2025-07-01,Chhattisgarh,342.00546
2025-08-01,Chhattisgarh,319.41245
2025-09-01,Chhattisgarh,219.49715
2025-10-01,Chhattisgarh,32.52166
2025-11-01,Chhattisgarh,5.6849155
2025-12-01,Chhattisgarh,9.251747
2026-01-01,Chhattisgarh,18.774126
2026-02-01,Chhattisgarh,16.50291
2026-03-01,Chhattisgarh,20.94533
2026-04-01,Chhattisgarh,20.972185
2026-05-01,Chhattisgarh,46.721092
2026-06-01,Chhattisgarh,190.4762
2026-07-01,Chhattisgarh,342.18628
2026-08-01,Chhattisgarh,318.89682
2026-09-01,Chhattisgarh,217.8356
2026-10-01,Chhattisgarh,32.268227
2026-11-01,Chhattisgarh,5.700499
2026-12-01,Chhattisgarh,9.272438
2027-01-01,Chhattisgarh,18.789429
2027-02-01,Chhattisgarh,16.532469
2027-03-01,Chhattisgarh,20.943747
2027-04-01,Chhattisgarh,20.951662
2027-05-01,Chhattisgarh,46.817474
2027-06-01,Chhattisgarh,190.58653
2027-07-01,Chhattisgarh,342.20413
2027-08-01,Chhattisgarh,318.8319
2027-09-01,Chhattisgarh,217.62679
2027-10-01,Chhattisgarh,32.24323
2027-11-01,Chhattisgarh,5.701642
2027-12-01,Chhattisgarh,9.275542
2028-01-01,Chhattisgarh,18.79145
2028-02-01,Chhattisgarh,16.535685
2028-03-01,Chhattisgarh,20.943588
2028-04-01,Chhattisgarh,20.949184
2028-05-01,Chhattisgarh,46.829044
2028-06-01,Chhattisgarh,190.60182
2028-07-01,Chhattisgarh,342.20612
2028-08-01,Chhattisgarh,318.82394
2028-09-01,Chhattisgarh,217.60008
2028-10-01,Chhattisgarh,32.240097
2028-11-01,Chhattisgarh,5.701816
2028-12-01,Chhattisgarh,9.275938
2029-01-01,Chhattisgarh,18.791712
2029-02-01,Chhattisgarh,16.536097
2029-03-01,Chhattisgarh,20.94357
2029-04-01,Chhattisgarh,20.94887
2029-05-01,Chhattisgarh,46.830532
2029-06-01,Chhattisgarh,190.6043
2029-07-01,Chhattisgarh,342.20642
2029-08-01,Chhattisgarh,318.8229
2029-09-01,Chhattisgarh,217.59633
2029-10-01,Chhattisgarh,32.239655
2029-11-01,Chhattisgarh,5.7018423
2029-12-01,Chhattisgarh,9.275987
2030-01-01,Chhattisgarh,18.791744
2030-02-01,Chhattisgarh,16.536152
2030-03-01,Chhattisgarh,20.943567
2030-04-01,Chhattisgarh,20.948828
2030-05-01,Chhattisgarh,46.830738
2030-06-01,Chhattisgarh,190.60466
2030-07-01,Chhattisgarh,342.20642
2030-08-01,Chhattisgarh,318.82278
2030-09-01,Chhattisgarh,217.59578
2030-10-01,Chhattisgarh,32.239586
2030-11-01,Chhattisgarh,5.70185
2030-12-01,Chhattisgarh,9.275994
2024-04-01,Nagaland,145.625
2024-05-01,Nagaland,219.7328
2024-06-01,Nagaland,277.54895
2024-07-01,Nagaland,245.36674
2024-08-01,Nagaland,186.85754
2024-09-01,Nagaland,132.18027
2024-10-01,Nagaland,50.730564
2024-11-01,Nagaland,21.886475
2024-12-01,Nagaland,29.110672
2025-01-01,Nagaland,48.300304
2025-02-01,Nagaland,95.93973
2025-03-01,Nagaland,188.25601
2025-04-01,Nagaland,254.30988
2025-05-01,Nagaland,295.1612
2025-06-01,Nagaland,257.09753
2025-07-01,Nagaland,187.89586
2025-08-01,Nagaland,111.00918
2025-09-01,Nagaland,21.8559
2025-10-01,Nagaland,19.119804
2025-11-01,Nagaland,30.84614
2025-12-01,Nagaland,61.812176
2026-01-01,Nagaland,134.51924
2026-02-01,Nagaland,216.05888
2026-03-01,Nagaland,276.02194
2026-04-01,Nagaland,298.9082
2026-05-01,Nagaland,239.26363
2026-06-01,Nagaland,175.8657
2026-07-01,Nagaland,79.73447
2026-08-01,Nagaland,16.131586
2026-09-01,Nagaland,19.508335
2026-10-01,Nagaland,35.29344
2026-11-01,Nagaland,71.776726
2026-12-01,Nagaland,155.50732
2027-01-01,Nagaland,233.47057
2027-02-01,Nagaland,290.0494
2027-03-01,Nagaland,290.25525
2027-04-01,Nagaland,220.95663
2027-05-01,Nagaland,155.21179
2027-06-01,Nagaland,54.2201
2027-07-01,Nagaland,16.422134
2027-08-01,Nagaland,22.595156
2027-09-01,Nagaland,41.996365
2027-10-01,Nagaland,85.827156
2027-11-01,Nagaland,176.52287
2027-12-01,Nagaland,247.271
2028-01-01,Nagaland,300.4161
2028-02-01,Nagaland,278.1993
2028-03-01,Nagaland,200.37468
2028-04-01,Nagaland,131.69817
2028-05-01,Nagaland,32.510674
2028-06-01,Nagaland,17.230701
2028-07-01,Nagaland,27.121237
2028-08-01,Nagaland,53.38612
2028-09-01,Nagaland,112.28653
2028-10-01,Nagaland,199.9961
2028-11-01,Nagaland,263.1288
2028-12-01,Nagaland,303.17593
2029-01-01,Nagaland,257.0499
2029-02-01,Nagaland,187.21632
2029-03-01,Nagaland,100.88377
2029-04-01,Nagaland,18.553368
2029-05-01,Nagaland,18.185272
2029-06-01,Nagaland,30.773113
2029-07-01,Nagaland,64.1967
2029-08-01,Nagaland,140.53162
2029-09-01,Nagaland,220.83113
2029-10-01,Nagaland,280.46545
2029-11-01,Nagaland,298.57758
2029-12-01,Nagaland,234.71748
2030-01-01,Nagaland,171.97945
2030-02-01,Nagaland,73.77565
2030-03-01,Nagaland,15.656884
2030-04-01,Nagaland,19.956913
2030-05-01,Nagaland,36.568348
2030-06-01,Nagaland,74.19102
2030-07-01,Nagaland,159.68471
2030-08-01,Nagaland,236.5121
2030-09-01,Nagaland,292.4663
2030-10-01,Nagaland,287.88873
2030-11-01,Nagaland,215.66817
2030-12-01,Nagaland,150.48389
2024-04-01,Bihar,12.509078
2024-05-01,Bihar,54.82397
2024-06-01,Bihar,110.15046
2024-07-01,Bihar,213.01526
2024-08-01,Bihar,253.08011
2024-09-01,Bihar,185.84668
2024-10-01,Bihar,113.443726
2024-11-01,Bihar,37.324425
2024-12-01,Bihar,18.581776
2025-01-01,Bihar,10.862336
2025-02-01,Bihar,15.819237
2025-03-01,Bihar,12.485428
2025-04-01,Bihar,18.43369
2025-05-01,Bihar,60.38372
2025-06-01,Bihar,119.73889
2025-07-01,Bihar,217.63086
2025-08-01,Bihar,249.28963
2025-09-01,Bihar,197.43884
2025-10-01,Bihar,101.5766
2025-11-01,Bihar,37.864666
2025-12-01,Bihar,18.38656
2026-01-01,Bihar,10.547921
2026-02-01,Bihar,16.18787
2026-03-01,Bihar,12.573666
2026-04-01,Bihar,19.72392
2026-05-01,Bihar,61.807602
2026-06-01,Bihar,121.38598
2026-07-01,Bihar,216.38223
2026-08-01,Bihar,249.86021
2026-09-01,Bihar,195.21715
2026-10-01,Bihar,99.361824
2026-11-01,Bihar,37.31495
2026-12-01,Bihar,18.371378
2027-01-01,Bihar,10.596457
2027-02-01,Bihar,16.327175
2027-03-01,Bihar,12.463716
2027-04-01,Bihar,19.966608
2027-05-01,Bihar,62.165398
2027-06-01,Bihar,121.96042
2027-07-01,Bihar,217.31526
2027-08-01,Bihar,249.54417
2027-09-01,Bihar,193.95393
2027-10-01,Bihar,97.81739
2027-11-01,Bihar,36.85542
2027-12-01,Bihar,18.245703
2028-01-01,Bihar,10.556587
2028-02-01,Bihar,16.491348
2028-03-01,Bihar,12.352185
2028-04-01,Bihar,20.162489
2028-05-01,Bihar,62.630463
2028-06-01,Bihar,122.714325
2028-07-01,Bihar,218.57312
2028-08-01,Bihar,249.3134
2028-09-01,Bihar,193.2784
2028-10-01,Bihar,96.10228
2028-11-01,Bihar,36.41161
2028-12-01,Bihar,18.099804
2029-01-01,Bihar,10.494933
2029-02-01,Bihar,16.617699
2029-03-01,Bihar,12.175931
2029-04-01,Bihar,20.352272
2029-05-01,Bihar,63.088757
2029-06-01,Bihar,123.35651
2029-07-01,Bihar,219.52155
2029-08-01,Bihar,249.17534
2029-09-01,Bihar,192.34813
2029-10-01,Bihar,94.64139
2029-11-01,Bihar,35.98159
2029-12-01,Bihar,17.921572
2030-01-01,Bihar,10.421341
2030-02-01,Bihar,16.704597
2030-03-01,Bihar,12.030384
2030-04-01,Bihar,20.497124
2030-05-01,Bihar,63.476128
2030-06-01,Bihar,123.940414
2030-07-01,Bihar,220.31264
2030-08-01,Bihar,249.03426
2030-09-01,Bihar,191.21454
2030-10-01,Bihar,93.35755
2030-11-01,Bihar,35.561924
2030-12-01,Bihar,17.679369
2024-04-01,Puducherry,38.186836
2024-05-01,Puducherry,63.1109
2024-06-01,Puducherry,106.27343
2024-07-01,Puducherry,140.99358
2024-08-01,Puducherry,163.9173
2024-09-01,Puducherry,180.78755
2024-10-01,Puducherry,223.2843
2024-11-01,Puducherry,241.19592
2024-12-01,Puducherry,219.19728
2025-01-01,Puducherry,197.88017
2025-02-01,Puducherry,97.72791
2025-03-01,Puducherry,30.657063
2025-04-01,Puducherry,29.167461
2025-05-01,Puducherry,51.09302
2025-06-01,Puducherry,93.50996
2025-07-01,Puducherry,134.82372
2025-08-01,Puducherry,156.12764
2025-09-01,Puducherry,167.4413
2025-10-01,Puducherry,187.42763
2025-11-01,Puducherry,234.02315
2025-12-01,Puducherry,249.6646
2026-01-01,Puducherry,212.06279
2026-02-01,Puducherry,167.22183
2026-03-01,Puducherry,68.96402
2026-04-01,Puducherry,33.532387
2026-05-01,Puducherry,51.155434
2026-06-01,Puducherry,82.8192
2026-07-01,Puducherry,122.53001
2026-08-01,Puducherry,152.1109
2026-09-01,Puducherry,164.79492
2026-10-01,Puducherry,172.61946
2026-11-01,Puducherry,210.89926
2026-12-01,Puducherry,254.18298
2027-01-01,Puducherry,228.57327
2027-02-01,Puducherry,196.32304
2027-03-01,Puducherry,128.55821
2027-04-01,Puducherry,50.476273
2027-05-01,Puducherry,50.69435
2027-06-01,Puducherry,85.347946
2027-07-01,Puducherry,114.89587
2027-08-01,Puducherry,148.05676
2027-09-01,Puducherry,163.80737
2027-10-01,Puducherry,171.30287
2027-11-01,Puducherry,192.49861
2027-12-01,Puducherry,242.87961
2028-01-01,Puducherry,245.95605
2028-02-01,Puducherry,203.58882
2028-03-01,Puducherry,166.68135
2028-04-01,Puducherry,90.92246
2028-05-01,Puducherry,71.04394
2028-06-01,Puducherry,112.61312
2028-07-01,Puducherry,138.14993
2028-08-01,Puducherry,161.43628
2028-09-01,Puducherry,170.64827
2028-10-01,Puducherry,176.2501
2028-11-01,Puducherry,197.07013
2028-12-01,Puducherry,243.27817
2029-01-01,Puducherry,235.85237
2029-02-01,Puducherry,205.0868
2029-03-01,Puducherry,186.88913
2029-04-01,Puducherry,150.8991
2029-05-01,Puducherry,157.83675
2029-06-01,Puducherry,200.7217
2029-07-01,Puducherry,209.868
2029-08-01,Puducherry,194.14839
2029-09-01,Puducherry,206.84245
2029-10-01,Puducherry,234.37225
2029-11-01,Puducherry,234.71283
2029-12-01,Puducherry,222.7646
2030-01-01,Puducherry,231.39732
2030-02-01,Puducherry,234.82385
2030-03-01,Puducherry,218.55244
2030-04-01,Puducherry,222.53117
2030-05-01,Puducherry,238.14749
2030-06-01,Puducherry,230.44603
2030-07-01,Puducherry,219.74603
2030-08-01,Puducherry,228.95013
2030-09-01,Puducherry,237.87877
2030-10-01,Puducherry,228.13057
2030-11-01,Puducherry,225.77318
2030-12-01,Puducherry,237.42613
2024-04-01,Gujarat,20.96103
2024-05-01,Gujarat,70.06211
2024-06-01,Gujarat,190.98553
2024-07-01,Gujarat,277.6912
2024-08-01,Gujarat,249.0868
2024-09-01,Gujarat,190.26414
2024-10-01,Gujarat,49.91382
2024-11-01,Gujarat,12.824855
2024-12-01,Gujarat,6.0703664
2025-01-01,Gujarat,5.591596
2025-02-01,Gujarat,12.595322
2025-03-01,Gujarat,22.119694
2025-04-01,Gujarat,29.912514
2025-05-01,Gujarat,114.811455
2025-06-01,Gujarat,248.09605
2025-07-01,Gujarat,281.79352
2025-08-01,Gujarat,239.36964
2025-09-01,Gujarat,169.91675
2025-10-01,Gujarat,45.598637
2025-11-01,Gujarat,9.259394
2025-12-01,Gujarat,8.023672
2026-01-01,Gujarat,5.4059753
2026-02-01,Gujarat,10.698259
2026-03-01,Gujarat,20.643732
2026-04-01,Gujarat,43.30055
2026-05-01,Gujarat,141.59804
2026-06-01,Gujarat,263.8224
2026-07-01,Gujarat,277.38443
2026-08-01,Gujarat,225.269
2026-09-01,Gujarat,150.8078
2026-10-01,Gujarat,36.272907
2026-11-01,Gujarat,8.301781
2026-12-01,Gujarat,9.036915
2027-01-01,Gujarat,8.523696
2027-02-01,Gujarat,13.578745
2027-03-01,Gujarat,24.219872
2027-04-01,Gujarat,71.8133
2027-05-01,Gujarat,195.90286
2027-06-01,Gujarat,276.98178
2027-07-01,Gujarat,263.30615
2027-08-01,Gujarat,202.9891
2027-09-01,Gujarat,134.25142
2027-10-01,Gujarat,25.826517
2027-11-01,Gujarat,9.334361
2027-12-01,Gujarat,7.990679
2028-01-01,Gujarat,15.258488
2028-02-01,Gujarat,21.734133
2028-03-01,Gujarat,30.081547
2028-04-01,Gujarat,106.04628
2028-05-01,Gujarat,242.80359
2028-06-01,Gujarat,279.84253
2028-07-01,Gujarat,245.97337
2028-08-01,Gujarat,178.56984
2028-09-01,Gujarat,114.080765
2028-10-01,Gujarat,18.53111
2028-11-01,Gujarat,10.018684
2028-12-01,Gujarat,7.714156
2029-01-01,Gujarat,14.265755
2029-02-01,Gujarat,23.036745
2029-03-01,Gujarat,38.136417
2029-04-01,Gujarat,129.1174
2029-05-01,Gujarat,257.83633
2029-06-01,Gujarat,278.99704
2029-07-01,Gujarat,235.82808
2029-08-01,Gujarat,164.81036
2029-09-01,Gujarat,90.538445
2029-10-01,Gujarat,16.036854
2029-11-01,Gujarat,10.360349
2029-12-01,Gujarat,8.720173
2030-01-01,Gujarat,14.430296
2030-02-01,Gujarat,23.682852
2030-03-01,Gujarat,48.634953
2030-04-01,Gujarat,153.1466
2030-05-01,Gujarat,268.8784
2030-06-01,Gujarat,274.48557
2030-07-01,Gujarat,223.00557
2030-08-01,Gujarat,150.10211
2030-09-01,Gujarat,67.95485
2030-10-01,Gujarat,13.730608
2030-11-01,Gujarat,10.410583
2030-12-01,Gujarat,10.378747
2024-04-01,Odisha,70.39776
2024-05-01,Odisha,119.03333
2024-06-01,Odisha,256.28638
2024-07-01,Odisha,351.7853
2024-08-01,Odisha,362.3537
2024-09-01,Odisha,196.18085
2024-10-01,Odisha,104.32458
2024-11-01,Odisha,31.834215
2024-12-01,Odisha,28.978525
2025-01-01,Odisha,28.78091
2025-02-01,Odisha,27.419355
2025-03-01,Odisha,51.82741
2025-04-01,Odisha,87.49832
2025-05-01,Odisha,183.71263
2025-06-01,Odisha,305.7848
2025-07-01,Odisha,373.90518
2025-08-01,Odisha,268.416
2025-09-01,Odisha,170.86755
2025-10-01,Odisha,69.89163
2025-11-01,Odisha,32.73387
2025-12-01,Odisha,27.932596
2026-01-01,Odisha,27.191597
2026-02-01,Odisha,35.746124
2026-03-01,Odisha,66.89802
2026-04-01,Odisha,109.98164
2026-05-01,Odisha,231.91722
2026-06-01,Odisha,337.66776
2026-07-01,Odisha,374.0483
2026-08-01,Odisha,240.87389
2026-09-01,Odisha,139.98042
2026-10-01,Odisha,51.618496
2026-11-01,Odisha,30.6594
2026-12-01,Odisha,28.029348
2027-01-01,Odisha,26.15234
2027-02-01,Odisha,41.309074
2027-03-01,Odisha,73.181114
2027-04-01,Odisha,136.552
2027-05-01,Odisha,264.07684
2027-06-01,Odisha,354.264
2027-07-01,Odisha,339.75443
2027-08-01,Odisha,205.55055
2027-09-01,Odisha,109.07216
2027-10-01,Odisha,33.681374
2027-11-01,Odisha,29.408953
2027-12-01,Odisha,29.351196
2028-01-01,Odisha,28.248005
2028-02-01,Odisha,52.851475
2028-03-01,Odisha,89.26558
2028-04-01,Odisha,186.91838
2028-05-01,Odisha,304.0533
2028-06-01,Odisha,373.77756
2028-07-01,Odisha,283.83603
2028-08-01,Odisha,171.53262
2028-09-01,Odisha,70.19472
2028-10-01,Odisha,32.073395
2028-11-01,Odisha,27.534407
2028-12-01,Odisha,26.844263
2029-01-01,Odisha,35.20567
2029-02-01,Odisha,66.357956
2029-03-01,Odisha,107.72845
2029-04-01,Odisha,229.15192
2029-05-01,Odisha,336.37146
2029-06-01,Odisha,376.39456
2029-07-01,Odisha,240.22816
2029-08-01,Odisha,141.68408
2029-09-01,Odisha,52.41927
2029-10-01,Odisha,30.756052
2029-11-01,Odisha,27.962078
2029-12-01,Odisha,26.128254
2030-01-01,Odisha,40.868843
2030-02-01,Odisha,72.82836
2030-03-01,Odisha,134.9377
2030-04-01,Odisha,262.77914
2030-05-01,Odisha,353.51248
2030-06-01,Odisha,339.6147
2030-07-01,Odisha,207.12347
2030-08-01,Odisha,110.44119
2030-09-01,Odisha,34.092674
2030-10-01,Odisha,29.543291
2030-11-01,Odisha,29.371487
2030-12-01,Odisha,28.196484
2024-04-01,Tamil Nadu,26.569958
2024-05-01,Tamil Nadu,53.457382
2024-06-01,Tamil Nadu,61.883892
2024-07-01,Tamil Nadu,88.85458
2024-08-01,Tamil Nadu,114.61746
2024-09-01,Tamil Nadu,161.94844
2024-10-01,Tamil Nadu,212.09784
2024-11-01,Tamil Nadu,217.81305
2024-12-01,Tamil Nadu,92.14184
2025-01-01,Tamil Nadu,35.249382
2025-02-01,Tamil Nadu,19.771008
2025-03-01,Tamil Nadu,22.40601
2025-04-01,Tamil Nadu,43.339542
2025-05-01,Tamil Nadu,65.05049
2025-06-01,Tamil Nadu,82.58929
2025-07-01,Tamil Nadu,116.71593
2025-08-01,Tamil Nadu,168.71915
2025-09-01,Tamil Nadu,213.32352
2025-10-01,Tamil Nadu,210.56554
2025-11-01,Tamil Nadu,117.14605
2025-12-01,Tamil Nadu,55.88987
2026-01-01,Tamil Nadu,20.417116
2026-02-01,Tamil Nadu,20.117258
2026-03-01,Tamil Nadu,27.390644
2026-04-01,Tamil Nadu,53.285423
2026-05-01,Tamil Nadu,65.51756
2026-06-01,Tamil Nadu,86.97665
2026-07-01,Tamil Nadu,124.46476
2026-08-01,Tamil Nadu,172.69153
2026-09-01,Tamil Nadu,214.08488
2026-10-01,Tamil Nadu,185.74022
2026-11-01,Tamil Nadu,89.29332
2026-12-01,Tamil Nadu,35.034092
2027-01-01,Tamil Nadu,17.724543
2027-02-01,Tamil Nadu,17.06191
2027-03-01,Tamil Nadu,39.22695
2027-04-01,Tamil Nadu,59.397697
2027-05-01,Tamil Nadu,76.29524
2027-06-01,Tamil Nadu,104.57724
2027-07-01,Tamil Nadu,153.3571
2027-08-01,Tamil Nadu,201.11754
2027-09-01,Tamil Nadu,224.81055
2027-10-01,Tamil Nadu,127.96297
2027-11-01,Tamil Nadu,59.107887
2027-12-01,Tamil Nadu,19.65295
2028-01-01,Tamil Nadu,21.81512
2028-02-01,Tamil Nadu,25.336586
2028-03-01,Tamil Nadu,54.11614
2028-04-01,Tamil Nadu,62.883316
2028-05-01,Tamil Nadu,89.43246
2028-06-01,Tamil Nadu,124.195244
2028-07-01,Tamil Nadu,176.2675
2028-08-01,Tamil Nadu,214.2053
2028-09-01,Tamil Nadu,188.86978
2028-10-01,Tamil Nadu,89.77579
2028-11-01,Tamil Nadu,35.554237
2028-12-01,Tamil Nadu,17.74691
2029-01-01,Tamil Nadu,16.171337
2029-02-01,Tamil Nadu,38.46245
2029-03-01,Tamil Nadu,58.958763
2029-04-01,Tamil Nadu,75.6869
2029-05-01,Tamil Nadu,103.99922
2029-06-01,Tamil Nadu,152.6216
2029-07-01,Tamil Nadu,200.5265
2029-08-01,Tamil Nadu,224.95372
2029-09-01,Tamil Nadu,130.73987
2029-10-01,Tamil Nadu,60.623245
2029-11-01,Tamil Nadu,20.51178
2029-12-01,Tamil Nadu,22.046467
2030-01-01,Tamil Nadu,24.726269
2030-02-01,Tamil Nadu,53.018116
2030-03-01,Tamil Nadu,62.16057
2030-04-01,Tamil Nadu,88.05782
2030-05-01,Tamil Nadu,122.6624
2030-06-01,Tamil Nadu,173.9899
2030-07-01,Tamil Nadu,213.1266
2030-08-01,Tamil Nadu,192.082
2030-09-01,Tamil Nadu,91.64835
2030-10-01,Tamil Nadu,36.64287
2030-11-01,Tamil Nadu,17.083134
2030-12-01,Tamil Nadu,15.997966
2024-04-01,Kerala,44.996128
2024-05-01,Kerala,93.21913
2024-06-01,Kerala,213.16513
2024-07-01,Kerala,398.3271
2024-08-01,Kerala,486.8908
2024-09-01,Kerala,395.15265
2024-10-01,Kerala,247.53195
2024-11-01,Kerala,209.13121
2024-12-01,Kerala,165.8497
2025-01-01,Kerala,51.334286
2025-02-01,Kerala,31.832047
2025-03-01,Kerala,35.07193
2025-04-01,Kerala,53.933567
2025-05-01,Kerala,103.7529
2025-06-01,Kerala,237.82616
2025-07-01,Kerala,399.1398
2025-08-01,Kerala,483.7039
2025-09-01,Kerala,378.0596
2025-10-01,Kerala,239.70842
2025-11-01,Kerala,198.3373
2025-12-01,Kerala,147.77536
2026-01-01,Kerala,52.29808
2026-02-01,Kerala,35.376682
2026-03-01,Kerala,38.392097
2026-04-01,Kerala,58.714222
2026-05-01,Kerala,116.2276
2026-06-01,Kerala,261.93732
2026-07-01,Kerala,415.26016
2026-08-01,Kerala,476.76065
2026-09-01,Kerala,355.96042
2026-10-01,Kerala,230.27414
2026-11-01,Kerala,193.51433
2026-12-01,Kerala,134.39705
2027-01-01,Kerala,47.484795
2027-02-01,Kerala,35.88408
2027-03-01,Kerala,39.72228
2027-04-01,Kerala,63.038845
2027-05-01,Kerala,127.92815
2027-06-01,Kerala,282.57654
2027-07-01,Kerala,430.82776
2027-08-01,Kerala,470.48245
2027-09-01,Kerala,334.17554
2027-10-01,Kerala,221.7004
2027-11-01,Kerala,190.99962
2027-12-01,Kerala,125.443794
2028-01-01,Kerala,43.917797
2028-02-01,Kerala,36.523125
2028-03-01,Kerala,41.059334
2028-04-01,Kerala,66.943375
2028-05-01,Kerala,138.395
2028-06-01,Kerala,297.43036
2028-07-01,Kerala,441.48096
2028-08-01,Kerala,463.1132
2028-09-01,Kerala,317.44788
2028-10-01,Kerala,217.57051
2028-11-01,Kerala,189.1804
2028-12-01,Kerala,119.550415
2029-01-01,Kerala,41.686104
2029-02-01,Kerala,36.57231
2029-03-01,Kerala,42.18754
2029-04-01,Kerala,69.43439
2029-05-01,Kerala,146.4863
2029-06-01,Kerala,308.221
2029-07-01,Kerala,447.4954
2029-08-01,Kerala,455.43695
2029-09-01,Kerala,305.9556
2029-10-01,Kerala,214.9043
2029-11-01,Kerala,187.41798
2029-12-01,Kerala,116.21875
2030-01-01,Kerala,40.71043
2030-02-01,Kerala,36.667595
2030-03-01,Kerala,43.046715
2030-04-01,Kerala,71.31391
2030-05-01,Kerala,152.62823
2030-06-01,Kerala,314.8437
2030-07-01,Kerala,450.7418
2030-08-01,Kerala,448.83847
2030-09-01,Kerala,298.9604
2030-10-01,Kerala,213.71617
2030-11-01,Kerala,186.71742
2030-12-01,Kerala,113.389885
2024-04-01,Sikkim,230.42488
2024-05-01,Sikkim,294.24985
2024-06-01,Sikkim,401.7299
2024-07-01,Sikkim,406.12195
2024-08-01,Sikkim,351.6461
2024-09-01,Sikkim,299.72723
2024-10-01,Sikkim,253.36266
2024-11-01,Sikkim,151.93166
2024-12-01,Sikkim,118.408516
2025-01-01,Sikkim,116.43668
2025-02-01,Sikkim,168.69545
2025-03-01,Sikkim,268.42307
2025-04-01,Sikkim,345.50662
2025-05-01,Sikkim,380.9061
2025-06-01,Sikkim,352.066
2025-07-01,Sikkim,316.11588
2025-08-01,Sikkim,263.50858
2025-09-01,Sikkim,191.22745
2025-10-01,Sikkim,135.81267
2025-11-01,Sikkim,131.11868
2025-12-01,Sikkim,168.70264
2026-01-01,Sikkim,265.34653
2026-02-01,Sikkim,339.01312
2026-03-01,Sikkim,371.06604
2026-04-01,Sikkim,350.8121
2026-05-01,Sikkim,313.49768
2026-06-01,Sikkim,263.67798
2026-07-01,Sikkim,198.02689
2026-08-01,Sikkim,141.74077
2026-09-01,Sikkim,134.83255
2026-10-01,Sikkim,171.70105
2026-11-01,Sikkim,262.3213
2026-12-01,Sikkim,337.29865
2027-01-01,Sikkim,367.82843
2027-02-01,Sikkim,349.56686
2027-03-01,Sikkim,312.89468
2027-04-01,Sikkim,263.23462
2027-05-01,Sikkim,198.9292
2027-06-01,Sikkim,144.19528
2027-07-01,Sikkim,135.98558
2027-08-01,Sikkim,172.89792
2027-09-01,Sikkim,262.39648
2027-10-01,Sikkim,336.9476
2027-11-01,Sikkim,367.4657
2027-12-01,Sikkim,348.78397
2028-01-01,Sikkim,312.52737
2028-02-01,Sikkim,262.7899
2028-03-01,Sikkim,198.68434
2028-04-01,Sikkim,144.53513
2028-05-01,Sikkim,136.4262
2028-06-01,Sikkim,173.27553
2028-07-01,Sikkim,263.02512
2028-08-01,Sikkim,337.08057
2028-09-01,Sikkim,367.27786
2028-10-01,Sikkim,348.33823
2028-11-01,Sikkim,312.06915
2028-12-01,Sikkim,262.37128
2029-01-01,Sikkim,198.41852
2029-02-01,Sikkim,144.51735
2029-03-01,Sikkim,136.83936
2029-04-01,Sikkim,173.96318
2029-05-01,Sikkim,263.806
2029-06-01,Sikkim,337.49118
2029-07-01,Sikkim,367.10837
2029-08-01,Sikkim,347.91537
2029-09-01,Sikkim,311.54828
2029-10-01,Sikkim,261.8004
2029-11-01,Sikkim,197.93478
2029-12-01,Sikkim,144.35825
2030-01-01,Sikkim,137.16498
2030-02-01,Sikkim,174.76434
2030-03-01,Sikkim,264.7939
2030-04-01,Sikkim,338.0365
2030-05-01,Sikkim,367.00366
2030-06-01,Sikkim,347.46036
2030-07-01,Sikkim,310.96027
2030-08-01,Sikkim,261.14304
2030-09-01,Sikkim,197.30951
2030-10-01,Sikkim,144.0939
2030-11-01,Sikkim,137.48192
2030-12-01,Sikkim,175.64253
2024-04-01,Delhi,20.568487
2024-05-01,Delhi,31.947273
2024-06-01,Delhi,80.08282
2024-07-01,Delhi,168.03629
2024-08-01,Delhi,161.75868
2024-09-01,Delhi,70.27445
2024-10-01,Delhi,6.501966
2024-11-01,Delhi,6.6010175
2024-12-01,Delhi,15.890316
2025-01-01,Delhi,22.13618
2025-02-01,Delhi,8.972023
2025-03-01,Delhi,14.319582
2025-04-01,Delhi,19.96188
2025-05-01,Delhi,29.023151
2025-06-01,Delhi,72.348465
2025-07-01,Delhi,164.22499
2025-08-01,Delhi,157.63248
2025-09-01,Delhi,55.732403
2025-10-01,Delhi,15.768602
2025-11-01,Delhi,7.7179713
2025-12-01,Delhi,17.07421
2026-01-01,Delhi,20.032267
2026-02-01,Delhi,9.88292
2026-03-01,Delhi,14.948536
2026-04-01,Delhi,20.610188
2026-05-01,Delhi,30.120144
2026-06-01,Delhi,74.06363
2026-07-01,Delhi,162.27895
2026-08-01,Delhi,159.10316
2026-09-01,Delhi,50.965908
2026-10-01,Delhi,16.08189
2026-11-01,Delhi,7.753852
2026-12-01,Delhi,17.51057
2027-01-01,Delhi,19.363632
2027-02-01,Delhi,10.157085
2027-03-01,Delhi,15.020094
2027-04-01,Delhi,21.106607
2027-05-01,Delhi,31.521225
2027-06-01,Delhi,81.01363
2027-07-01,Delhi,163.29034
2027-08-01,Delhi,157.97745
2027-09-01,Delhi,42.20525
2027-10-01,Delhi,14.676712
2027-11-01,Delhi,7.9994283
2027-12-01,Delhi,18.66821
2028-01-01,Delhi,18.481762
2028-02-01,Delhi,10.36439
2028-03-01,Delhi,15.0375805
2028-04-01,Delhi,22.563457
2028-05-01,Delhi,35.994965
2028-06-01,Delhi,104.70017
2028-07-01,Delhi,167.92671
2028-08-01,Delhi,150.0469
2028-09-01,Delhi,31.389845
2028-10-01,Delhi,9.198982
2028-11-01,Delhi,8.76703
2028-12-01,Delhi,22.268293
2029-01-01,Delhi,16.877592
2029-02-01,Delhi,10.343999
2029-03-01,Delhi,15.146755
2029-04-01,Delhi,24.122246
2029-05-01,Delhi,45.919468
2029-06-01,Delhi,144.859
2029-07-01,Delhi,176.73944
2029-08-01,Delhi,133.94897
2029-09-01,Delhi,23.564754
2029-10-01,Delhi,7.3847585
2029-11-01,Delhi,9.752327
2029-12-01,Delhi,24.632479
2030-01-01,Delhi,14.330023
2030-02-01,Delhi,11.376586
2030-03-01,Delhi,15.436228
2030-04-01,Delhi,24.96687
2030-05-01,Delhi,51.997368
2030-06-01,Delhi,156.82971
2030-07-01,Delhi,175.03783
2030-08-01,Delhi,117.92486
2030-09-01,Delhi,21.59335
2030-10-01,Delhi,7.3117185
2030-11-01,Delhi,10.703753
2030-12-01,Delhi,25.001759
2024-04-01,Mizoram,161.15733
2024-05-01,Mizoram,271.78275
2024-06-01,Mizoram,363.8513
2024-07-01,Mizoram,394.47852
2024-08-01,Mizoram,314.5199
2024-09-01,Mizoram,215.20093
2024-10-01,Mizoram,100.88348
2024-11-01,Mizoram,23.833944
2024-12-01,Mizoram,12.253134
2025-01-01,Mizoram,10.444053
2025-02-01,Mizoram,35.01705
2025-03-01,Mizoram,104.44143
2025-04-01,Mizoram,227.45302
2025-05-01,Mizoram,334.4327
2025-06-01,Mizoram,400.78433
2025-07-01,Mizoram,371.9004
2025-08-01,Mizoram,280.22128
2025-09-01,Mizoram,158.50235
2025-10-01,Mizoram,45.63898
2025-11-01,Mizoram,11.588106
2025-12-01,Mizoram,10.613129
2026-01-01,Mizoram,23.176466
2026-02-01,Mizoram,69.19316
2026-03-01,Mizoram,179.22237
2026-04-01,Mizoram,293.77573
2026-05-01,Mizoram,387.02274
2026-06-01,Mizoram,398.47903
2026-07-01,Mizoram,312.4836
2026-08-01,Mizoram,198.8057
2026-09-01,Mizoram,77.05775
2026-10-01,Mizoram,13.508906
2026-11-01,Mizoram,10.142549
2026-12-01,Mizoram,11.845058
2027-01-01,Mizoram,43.821182
2027-02-01,Mizoram,134.80533
2027-03-01,Mizoram,254.75078
2027-04-01,Mizoram,360.66867
2027-05-01,Mizoram,406.71902
2027-06-01,Mizoram,351.79742
2027-07-01,Mizoram,249.6306
2027-08-01,Mizoram,127.524605
2027-09-01,Mizoram,28.47202
2027-10-01,Mizoram,11.508315
2027-11-01,Mizoram,10.237271
2027-12-01,Mizoram,30.597532
2028-01-01,Mizoram,91.06464
2028-02-01,Mizoram,202.73964
2028-03-01,Mizoram,314.16885
2028-04-01,Mizoram,394.92563
2028-05-01,Mizoram,386.57538
2028-06-01,Mizoram,293.94806
2028-07-01,Mizoram,176.07034
2028-08-01,Mizoram,57.32858
2028-09-01,Mizoram,10.640386
2028-10-01,Mizoram,10.547679
2028-11-01,Mizoram,18.193304
2028-12-01,Mizoram,55.345913
2029-01-01,Mizoram,161.1622
2029-02-01,Mizoram,278.66357
2029-03-01,Mizoram,378.03033
2029-04-01,Mizoram,403.6592
2029-05-01,Mizoram,328.73785
2029-06-01,Mizoram,216.52557
2029-07-01,Mizoram,95.49633
2029-08-01,Mizoram,19.270142
2029-09-01,Mizoram,10.772469
2029-10-01,Mizoram,9.011612
2029-11-01,Mizoram,38.419296
2029-12-01,Mizoram,117.810715
2030-01-01,Mizoram,235.59682
2030-02-01,Mizoram,344.08646
2030-03-01,Mizoram,404.6289
2030-04-01,Mizoram,367.29544
2030-05-01,Mizoram,270.8759
2030-06-01,Mizoram,149.45207
2030-07-01,Mizoram,39.704334
2030-08-01,Mizoram,11.52924
2030-09-01,Mizoram,10.562105
2030-10-01,Mizoram,25.438742
2030-11-01,Mizoram,76.61169
2030-12-01,Mizoram,187.82454
2024-04-01,Jharkhand,41.59011
2024-05-01,Jharkhand,79.294
2024-06-01,Jharkhand,131.84634
2024-07-01,Jharkhand,200.26476
2024-08-01,Jharkhand,229.61008
2024-09-01,Jharkhand,182.81902
2024-10-01,Jharkhand,91.381035
2024-11-01,Jharkhand,36.310997
2024-12-01,Jharkhand,35.04858
2025-01-01,Jharkhand,39.01383
2025-02-01,Jharkhand,44.514656
2025-03-01,Jharkhand,45.4603
2025-04-01,Jharkhand,60.68151
2025-05-01,Jharkhand,109.333244
2025-06-01,Jharkhand,174.9097
2025-07-01,Jharkhand,216.4416
2025-08-01,Jharkhand,207.57994
2025-09-01,Jharkhand,126.866425
2025-10-01,Jharkhand,54.1501
2025-11-01,Jharkhand,33.851883
2025-12-01,Jharkhand,35.97024
2026-01-01,Jharkhand,41.6673
2026-02-01,Jharkhand,51.268925
2026-03-01,Jharkhand,57.732292
2026-04-01,Jharkhand,95.91007
2026-05-01,Jharkhand,156.28574
2026-06-01,Jharkhand,201.76372
2026-07-01,Jharkhand,210.58046
2026-08-01,Jharkhand,151.23604
2026-09-01,Jharkhand,67.63736
2026-10-01,Jharkhand,34.345016
2026-11-01,Jharkhand,35.792988
2026-12-01,Jharkhand,42.15766
2027-01-01,Jharkhand,52.95486
2027-02-01,Jharkhand,54.149403
2027-03-01,Jharkhand,81.180565
2027-04-01,Jharkhand,132.79178
2027-05-01,Jharkhand,192.5153
2027-06-01,Jharkhand,214.46683
2027-07-01,Jharkhand,175.47366
2027-08-01,Jharkhand,88.32992
2027-09-01,Jharkhand,38.896515
2027-10-01,Jharkhand,35.552177
2027-11-01,Jharkhand,39.52109
2027-12-01,Jharkhand,47.116127
2028-01-01,Jharkhand,49.19962
2028-02-01,Jharkhand,66.901985
2028-03-01,Jharkhand,115.99494
2028-04-01,Jharkhand,180.10384
2028-05-01,Jharkhand,215.46382
2028-06-01,Jharkhand,198.70352
2028-07-01,Jharkhand,116.193855
2028-08-01,Jharkhand,49.34896
2028-09-01,Jharkhand,34.218014
2028-10-01,Jharkhand,36.805733
2028-11-01,Jharkhand,43.16099
2028-12-01,Jharkhand,50.48826
2029-01-01,Jharkhand,56.938896
2029-02-01,Jharkhand,102.31955
2029-03-01,Jharkhand,165.19476
2029-04-01,Jharkhand,206.93768
2029-05-01,Jharkhand,208.79037
2029-06-01,Jharkhand,142.12741
2029-07-01,Jharkhand,61.260746
2029-08-01,Jharkhand,33.68894
2029-09-01,Jharkhand,35.755424
2029-10-01,Jharkhand,41.982067
2029-11-01,Jharkhand,52.9946
2029-12-01,Jharkhand,56.655476
2030-01-01,Jharkhand,88.730255
2030-02-01,Jharkhand,144.30269
2030-03-01,Jharkhand,197.71999
2030-04-01,Jharkhand,213.5017
2030-05-01,Jharkhand,163.83289
2030-06-01,Jharkhand,77.479576
2030-07-01,Jharkhand,35.589146
2030-08-01,Jharkhand,36.512054
2030-09-01,Jharkhand,41.099743
2030-10-01,Jharkhand,51.303673
2030-11-01,Jharkhand,51.170246
2030-12-01,Jharkhand,73.30839
2024-04-01,Meghalaya,250.64816
2024-05-01,Meghalaya,507.8437
2024-06-01,Meghalaya,634.4597
2024-07-01,Meghalaya,673.11346
2024-08-01,Meghalaya,514.5478
2024-09-01,Meghalaya,421.63455
2024-10-01,Meghalaya,220.83717
2024-11-01,Meghalaya,54.67257
2024-12-01,Meghalaya,27.075378
2025-01-01,Meghalaya,34.6867
2025-02-01,Meghalaya,59.641907
2025-03-01,Meghalaya,134.55225
2025-04-01,Meghalaya,347.599
2025-05-01,Meghalaya,599.32025
2025-06-01,Meghalaya,693.34827
2025-07-01,Meghalaya,606.24347
2025-08-01,Meghalaya,471.65247
2025-09-01,Meghalaya,350.22522
2025-10-01,Meghalaya,131.87704
2025-11-01,Meghalaya,28.993904
2025-12-01,Meghalaya,29.53909
2026-01-01,Meghalaya,47.427876
2026-02-01,Meghalaya,85.97873
2026-03-01,Meghalaya,235.20465
2026-04-01,Meghalaya,504.61838
2026-05-01,Meghalaya,666.70966
2026-06-01,Meghalaya,659.88544
2026-07-01,Meghalaya,535.78345
2026-08-01,Meghalaya,431.32593
2026-09-01,Meghalaya,238.17491
2026-10-01,Meghalaya,60.381393
2026-11-01,Meghalaya,26.337366
2026-12-01,Meghalaya,34.41712
2027-01-01,Meghalaya,58.25796
2027-02-01,Meghalaya,126.10031
2027-03-01,Meghalaya,332.93933
2027-04-01,Meghalaya,588.13794
2027-05-01,Meghalaya,690.2647
2027-06-01,Meghalaya,617.2186
2027-07-01,Meghalaya,475.5156
2027-08-01,Meghalaya,362.706
2027-09-01,Meghalaya,144.33951
2027-10-01,Meghalaya,29.917465
2027-11-01,Meghalaya,28.134274
2027-12-01,Meghalaya,45.345894
2028-01-01,Meghalaya,80.341354
2028-02-01,Meghalaya,217.60089
2028-03-01,Meghalaya,480.9698
2028-04-01,Meghalaya,658.16534
2028-05-01,Meghalaya,663.3714
2028-06-01,Meghalaya,545.20764
2028-07-01,Meghalaya,439.4234
2028-08-01,Meghalaya,258.9923
2028-09-01,Meghalaya,70.66553
2028-10-01,Meghalaya,27.35456
2028-11-01,Meghalaya,34.034355
2028-12-01,Meghalaya,56.0358
2029-01-01,Meghalaya,115.62915
2029-02-01,Meghalaya,312.216
2029-03-01,Meghalaya,571.9953
2029-04-01,Meghalaya,688.5979
2029-05-01,Meghalaya,627.1243
2029-06-01,Meghalaya,489.53955
2029-07-01,Meghalaya,379.8752
2029-08-01,Meghalaya,160.76501
2029-09-01,Meghalaya,32.41217
2029-10-01,Meghalaya,26.315365
2029-11-01,Meghalaya,42.335426
2029-12-01,Meghalaya,73.98213
2030-01-01,Meghalaya,196.16098
2030-02-01,Meghalaya,452.35858
2030-03-01,Meghalaya,650.2951
2030-04-01,Meghalaya,677.1033
2030-05-01,Meghalaya,560.27313
2030-06-01,Meghalaya,449.2183
2030-07-01,Meghalaya,283.15198
2030-08-01,Meghalaya,82.70407
2030-09-01,Meghalaya,28.126877
2030-10-01,Meghalaya,33.126343
2030-11-01,Meghalaya,54.151714
2030-12-01,Meghalaya,109.379036
2024-04-01,Goa,-2.3687673
2024-05-01,Goa,75.965416
2024-06-01,Goa,672.8648
2024-07-01,Goa,905.36755
2024-08-01,Goa,558.9546
2024-09-01,Goa,328.47446
2024-10-01,Goa,135.60768
2024-11-01,Goa,27.595898
2024-12-01,Goa,9.259595
2025-01-01,Goa,2.1675797
2025-02-01,Goa,-3.1220014
2025-03-01,Goa,1.7105681
2025-04-01,Goa,7.043492
2025-05-01,Goa,78.428856
2025-06-01,Goa,698.1649
2025-07-01,Goa,895.63226
2025-08-01,Goa,679.3396
2025-09-01,Goa,300.56284
2025-10-01,Goa,137.71576
2025-11-01,Goa,26.089373
2025-12-01,Goa,6.285849
2026-01-01,Goa,-0.12690657
2026-02-01,Goa,-4.4506593
2026-03-01,Goa,1.1129423
2026-04-01,Goa,6.253125
2026-05-01,Goa,81.527306
2026-06-01,Goa,700.59344
2026-07-01,Goa,896.21344
2026-08-01,Goa,692.8869
2026-09-01,Goa,305.3629
2026-10-01,Goa,140.21742
2026-11-01,Goa,26.257103
2026-12-01,Goa,6.121939
2027-01-01,Goa,-0.5622952
2027-02-01,Goa,-4.922231
2027-03-01,Goa,0.8410778
2027-04-01,Goa,6.0137115
2027-05-01,Goa,81.88973
2027-06-01,Goa,700.92773
2027-07-01,Goa,896.5704
2027-08-01,Goa,693.69073
2027-09-01,Goa,305.5041
2027-10-01,Goa,140.18726
2027-11-01,Goa,26.223648
2027-12-01,Goa,6.0824738
2028-01-01,Goa,-0.60517126
2028-02-01,Goa,-4.9591703
2028-03-01,Goa,0.8379084
2028-04-01,Goa,5.9965286
2028-05-01,Goa,81.96916
2028-06-01,Goa,700.967
2028-07-01,Goa,896.5917
2028-08-01,Goa,693.69165
2028-09-01,Goa,305.49503
2028-10-01,Goa,140.17928
2028-11-01,Goa,26.220163
2028-12-01,Goa,6.0801086
2029-01-01,Goa,-0.6077293
2029-02-01,Goa,-4.960779
2029-03-01,Goa,0.840209
2029-04-01,Goa,5.9962068
2029-05-01,Goa,81.98272
2029-06-01,Goa,700.9714
2029-07-01,Goa,896.59125
2029-08-01,Goa,693.6815
2029-09-01,Goa,305.49136
2029-10-01,Goa,140.1765
2029-11-01,Goa,26.219578
2029-12-01,Goa,6.079948
2030-01-01,Goa,-0.6078098
2030-02-01,Goa,-4.960634
2030-03-01,Goa,0.84090084
2030-04-01,Goa,5.9964
2030-05-01,Goa,81.98481
2030-06-01,Goa,700.9718
2030-07-01,Goa,896.5909
2030-08-01,Goa,693.67926
2030-09-01,Goa,305.49063
2030-10-01,Goa,140.17601
2030-11-01,Goa,26.219513
2030-12-01,Goa,6.0799637
2024-03-01,The Dadra And Nagar Haveli And Daman And Diu,44.73932
2024-04-01,The Dadra And Nagar Haveli And Daman And Diu,96.27788
2024-05-01,The Dadra And Nagar Haveli And Daman And Diu,289.12375
2024-06-01,The Dadra And Nagar Haveli And Daman And Diu,605.0612
2024-07-01,The Dadra And Nagar Haveli And Daman And Diu,576.7614
2024-08-01,The Dadra And Nagar Haveli And Daman And Diu,371.16016
2024-09-01,The Dadra And Nagar Haveli And Daman And Diu,138.70203
2024-10-01,The Dadra And Nagar Haveli And Daman And Diu,52.477074
2024-11-01,The Dadra And Nagar Haveli And Daman And Diu,52.59527
2024-12-01,The Dadra And Nagar Haveli And Daman And Diu,63.12143
2025-01-01,The Dadra And Nagar Haveli And Daman And Diu,114.40193
2025-02-01,The Dadra And Nagar Haveli And Daman And Diu,215.21683
2025-03-01,The Dadra And Nagar Haveli And Daman And Diu,316.77847
2025-04-01,The Dadra And Nagar Haveli And Daman And Diu,400.24338
2025-05-01,The Dadra And Nagar Haveli And Daman And Diu,415.9624
2025-06-01,The Dadra And Nagar Haveli And Daman And Diu,317.28732
2025-07-01,The Dadra And Nagar Haveli And Daman And Diu,212.7402
2025-08-01,The Dadra And Nagar Haveli And Daman And Diu,137.76396
2025-09-01,The Dadra And Nagar Haveli And Daman And Diu,93.94255
2025-10-01,The Dadra And Nagar Haveli And Daman And Diu,110.87138
2025-11-01,The Dadra And Nagar Haveli And Daman And Diu,194.36009
2025-12-01,The Dadra And Nagar Haveli And Daman And Diu,342.33032
2026-01-01,The Dadra And Nagar Haveli And Daman And Diu,426.4368
2026-02-01,The Dadra And Nagar Haveli And Daman And Diu,389.16614
2026-03-01,The Dadra And Nagar Haveli And Daman And Diu,269.3397
2026-04-01,The Dadra And Nagar Haveli And Daman And Diu,177.7026
2026-05-01,The Dadra And Nagar Haveli And Daman And Diu,141.13788
2026-06-01,The Dadra And Nagar Haveli And Daman And Diu,120.572296
2026-07-01,The Dadra And Nagar Haveli And Daman And Diu,139.32913
2026-08-01,The Dadra And Nagar Haveli And Daman And Diu,232.55334
2026-09-01,The Dadra And Nagar Haveli And Daman And Diu,358.9471
2026-10-01,The Dadra And Nagar Haveli And Daman And Diu,410.4495
2026-11-01,The Dadra And Nagar Haveli And Daman And Diu,358.98883
2026-12-01,The Dadra And Nagar Haveli And Daman And Diu,251.37854
2027-01-01,The Dadra And Nagar Haveli And Daman And Diu,173.59326
2027-02-01,The Dadra And Nagar Haveli And Daman And Diu,147.0228
2027-03-01,The Dadra And Nagar Haveli And Daman And Diu,133.08493
2027-04-01,The Dadra And Nagar Haveli And Daman And Diu,170.52924
2027-05-01,The Dadra And Nagar Haveli And Daman And Diu,274.9096
2027-06-01,The Dadra And Nagar Haveli And Daman And Diu,370.62466
2027-07-01,The Dadra And Nagar Haveli And Daman And Diu,383.55038
2027-08-01,The Dadra And Nagar Haveli And Daman And Diu,320.7609
2027-09-01,The Dadra And Nagar Haveli And Daman And Diu,234.14789
2027-10-01,The Dadra And Nagar Haveli And Daman And Diu,184.85007
2027-11-01,The Dadra And Nagar Haveli And Daman And Diu,164.10483
2027-12-01,The Dadra And Nagar Haveli And Daman And Diu,162.54002
2028-01-01,The Dadra And Nagar Haveli And Daman And Diu,213.07175
2028-02-01,The Dadra And Nagar Haveli And Daman And Diu,301.48672
2028-03-01,The Dadra And Nagar Haveli And Daman And Diu,358.07056
2028-04-01,The Dadra And Nagar Haveli And Daman And Diu,348.70187
2028-05-01,The Dadra And Nagar Haveli And Daman And Diu,289.85953
2028-06-01,The Dadra And Nagar Haveli And Daman And Diu,229.17372
2028-07-01,The Dadra And Nagar Haveli And Daman And Diu,197.616
2028-08-01,The Dadra And Nagar Haveli And Daman And Diu,185.85985
2028-09-01,The Dadra And Nagar Haveli And Daman And Diu,202.45235
2028-10-01,The Dadra And Nagar Haveli And Daman And Diu,257.19107
2028-11-01,The Dadra And Nagar Haveli And Daman And Diu,317.45193
2028-12-01,The Dadra And Nagar Haveli And Daman And Diu,331.8029
2029-01-01,The Dadra And Nagar Haveli And Daman And Diu,311.3413
2029-02-01,The Dadra And Nagar Haveli And Daman And Diu,265.34238
2029-03-01,The Dadra And Nagar Haveli And Daman And Diu,232.03754
2029-04-01,The Dadra And Nagar Haveli And Daman And Diu,212.22499
2029-05-01,The Dadra And Nagar Haveli And Daman And Diu,213.99614
2029-06-01,The Dadra And Nagar Haveli And Daman And Diu,244.51007
2029-07-01,The Dadra And Nagar Haveli And Daman And Diu,284.41183
2029-08-01,The Dadra And Nagar Haveli And Daman And Diu,305.86844
2029-09-01,The Dadra And Nagar Haveli And Daman And Diu,300.289
2029-10-01,The Dadra And Nagar Haveli And Daman And Diu,280.06528
2029-11-01,The Dadra And Nagar Haveli And Daman And Diu,256.08746
2029-12-01,The Dadra And Nagar Haveli And Daman And Diu,235.69102
2030-01-01,The Dadra And Nagar Haveli And Daman And Diu,231.111
2030-02-01,The Dadra And Nagar Haveli And Daman And Diu,245.92374
2030-03-01,The Dadra And Nagar Haveli And Daman And Diu,271.364
2030-04-01,The Dadra And Nagar Haveli And Daman And Diu,288.4127
2030-05-01,The Dadra And Nagar Haveli And Daman And Diu,286.72513
2030-06-01,The Dadra And Nagar Haveli And Daman And Diu,274.16946
2030-07-01,The Dadra And Nagar Haveli And Daman And Diu,260.85413
2030-08-01,The Dadra And Nagar Haveli And Daman And Diu,250.06839
2030-09-01,The Dadra And Nagar Haveli And Daman And Diu,248.12193
2030-10-01,The Dadra And Nagar Haveli And Daman And Diu,255.93175
2030-11-01,The Dadra And Nagar Haveli And Daman And Diu,269.0277
